,Cluster 1_Bat,Cluster 2_Bat,Cluster 3_Bat,Cluster 4_Bat,Cluster 5_Bat,Cluster 1_Mouse,Cluster 2_Mouse,Cluster 3_Mouse,Cluster 4_Mouse,Cluster 5_Mouse,Cluster 1_Human,Cluster 2_Human,Cluster 3_Human,Cluster 4_Human,Cluster 5_Human
0,LOC107512611,NCBP2AS2,KIAA1191,DIPK2A,RESF1,ENSMUSG00000027637,ENSMUSG00000107002,ENSMUSG00000025871,ENSMUSG00000045414,ENSMUSG00000032712,ENSG00000101084,ENSG00000270170,ENSG00000122203,ENSG00000181744,ENSG00000174718
1,ABRACL,MICOS13,AAMDC,KIAA1671,BNIP5,ENSMUSG00000078453,ENSMUSG00000049760,ENSMUSG00000035642,ENSMUSG00000051339,ENSMUSG00000048905,ENSG00000146386,ENSG00000174917,ENSG00000087884,ENSG00000197077,ENSG00000189325
2,ACAT1,KIAA0100,ABCD3,KIAA1109,ABHD17C,ENSMUSG00000032047,ENSMUSG00000010277,ENSMUSG00000028127,ENSMUSG00000037270,ENSMUSG00000038459,ENSG00000075239,ENSG00000007202,ENSG00000117528,ENSG00000138688,ENSG00000136379
3,ACP1,AADAC,ABCG8,ABCC2,ABHD2,ENSMUSG00000044573,ENSMUSG00000027761,ENSMUSG00000024254,ENSMUSG00000025194,ENSMUSG00000039202,ENSG00000143727,ENSG00000114771,ENSG00000143921,ENSG00000023839,ENSG00000140526
4,ALDH1B1,ACAA2,ABHD17A,ABCD1,ABI1,ENSMUSG00000035561,ENSMUSG00000036880,ENSMUSG00000003346,ENSMUSG00000031378,ENSMUSG00000058835,ENSG00000137124,ENSG00000167315,ENSG00000129968,ENSG00000101986,ENSG00000136754
5,ANAPC11,ACO2,ACADL,ABCG5,ACSL3,ENSMUSG00000025135,ENSMUSG00000022477,ENSMUSG00000026003,ENSMUSG00000040505,ENSMUSG00000032883,ENSG00000141552,ENSG00000100412,ENSG00000115361,ENSG00000138075,ENSG00000123983
6,ANAPC5,ACOT13,ACADM,ACBD4,ACTR2,ENSMUSG00000029472,ENSMUSG00000006717,ENSMUSG00000062908,ENSMUSG00000056938,ENSMUSG00000020152,ENSG00000089053,ENSG00000112304,ENSG00000117054,ENSG00000181513,ENSG00000138071
7,ANKRD11,ACP5,ACADVL,ACE2,ADA,ENSMUSG00000035569,ENSMUSG00000001348,ENSMUSG00000018574,ENSMUSG00000015405,ENSMUSG00000017697,ENSG00000167522,ENSG00000102575,ENSG00000072778,ENSG00000130234,ENSG00000196839
8,ANP32A,ACY1,ACE,ADAP1,LOC107504420,ENSMUSG00000032249,ENSMUSG00000023262,ENSMUSG00000020681,ENSMUSG00000056413,ENSMUSG00000053054,ENSG00000140350,ENSG00000243989,ENSG00000264813,ENSG00000105963,ENSG00000172955
9,ANP32B,ADIPOR1,ACO1,AKAP9,ADSS2,ENSMUSG00000028333,ENSMUSG00000026457,ENSMUSG00000028405,ENSMUSG00000040407,ENSMUSG00000015961,ENSG00000136938,ENSG00000159346,ENSG00000122729,ENSG00000127914,ENSG00000035687
10,AP1S1,TLE5,ACOX1,ALDH4A1,AFF4,ENSMUSG00000004849,ENSMUSG00000054452,ENSMUSG00000020777,ENSMUSG00000028737,ENSMUSG00000049470,ENSG00000106367,ENSG00000104964,ENSG00000161533,ENSG00000159423,ENSG00000072364
11,ARID1A,AGO2,ACSL5,AMN,AHNAK,ENSMUSG00000007880,ENSMUSG00000036698,ENSMUSG00000024981,ENSMUSG00000021278,ENSMUSG00000069833,ENSG00000117713,ENSG00000123908,ENSG00000197142,ENSG00000166126,ENSG00000124942
12,ARPC1A,AHCYL2,ACTR3,ANXA4,ANXA2,ENSMUSG00000029621,ENSMUSG00000029772,ENSMUSG00000026341,ENSMUSG00000029994,ENSMUSG00000032231,ENSG00000284292,ENSG00000158467,ENSG00000115091,ENSG00000196975,ENSG00000182718
13,ARPC1B,AK2,AGMO,APEH,APLP1,ENSMUSG00000029622,ENSMUSG00000028792,ENSMUSG00000050103,ENSMUSG00000032590,ENSMUSG00000006651,ENSG00000130429,ENSG00000004455,ENSG00000187546,ENSG00000164062,ENSG00000105290
14,ARPC3,AKR1A1,AGPAT2,APOB,APOA1,ENSMUSG00000029465,ENSMUSG00000028692,ENSMUSG00000026922,ENSMUSG00000020609,ENSMUSG00000032083,ENSG00000111229,ENSG00000117448,ENSG00000169692,ENSG00000084674,ENSG00000118137
15,ARPC4,AKR7A2,AGPAT3,LOC107498323,APOA4,ENSMUSG00000079426,ENSMUSG00000028743,ENSMUSG00000001211,ENSMUSG00000022892,ENSMUSG00000032080,ENSG00000241553,ENSG00000053371,ENSG00000160216,ENSG00000142192,ENSG00000110244
16,ARPP19,ALDH18A1,AHCYL1,AQP1,APOBEC1,ENSMUSG00000007656,ENSMUSG00000025007,ENSMUSG00000027893,ENSMUSG00000004655,ENSMUSG00000040613,ENSG00000128989,ENSG00000059573,ENSG00000168710,ENSG00000250424,ENSG00000111701
17,ATP2A2,ALDH9A1,AK3,ARCN1,APOC3,ENSMUSG00000029467,ENSMUSG00000026687,ENSMUSG00000024782,ENSMUSG00000032096,ENSMUSG00000032081,ENSG00000174437,ENSG00000143149,ENSG00000147853,ENSG00000095139,ENSG00000110245
18,ATP5MC2,ANAPC13,ALDH2,ARF6,AQP7,ENSMUSG00000062683,ENSMUSG00000035048,ENSMUSG00000029455,ENSMUSG00000044147,ENSMUSG00000028427,ENSG00000135390,ENSG00000129055,ENSG00000257767,ENSG00000165527,ENSG00000259916
19,ATP6V1F,AP1AR,ALDOB,ARHGDIA,ARFGAP3,ENSMUSG00000004285,ENSMUSG00000074238,ENSMUSG00000028307,ENSMUSG00000025132,ENSMUSG00000054277,ENSG00000128524,ENSG00000138660,ENSG00000136872,ENSG00000141522,ENSG00000242247
20,AURKAIP1,AP2M1,ANO6,ARL4A,ARHGEF16,ENSMUSG00000065990,ENSMUSG00000022841,ENSMUSG00000064210,ENSMUSG00000047446,ENSMUSG00000029032,ENSG00000175756,ENSG00000161203,ENSG00000177119,ENSG00000122644,ENSG00000130762
21,BAG1,AP2S1,LOC107514149,ATL2,ARHGEF5,ENSMUSG00000028416,ENSMUSG00000008036,ENSMUSG00000039062,ENSMUSG00000059811,ENSMUSG00000033542,ENSG00000107262,ENSG00000042753,ENSG00000166825,ENSG00000119787,ENSG00000284933
22,BANF1,APRT,AOC1,ATP8B1,ARL14,ENSMUSG00000024844,ENSMUSG00000006589,ENSMUSG00000029811,ENSMUSG00000039529,ENSMUSG00000098207,ENSG00000175334,ENSG00000198931,ENSG00000002726,ENSG00000081923,ENSG00000179674
23,BIRC5,ARG2,AQP11,ATXN1,ARL5A,ENSMUSG00000017716,ENSMUSG00000021125,ENSMUSG00000042797,ENSMUSG00000046876,ENSMUSG00000036093,ENSG00000089685,ENSG00000081181,ENSG00000178301,ENSG00000124788,ENSG00000162980
24,BOLA2B,ARL6IP1,ARF1,KIAA0319L,ASAP1,ENSMUSG00000047721,ENSMUSG00000030654,ENSMUSG00000048076,ENSMUSG00000028830,ENSMUSG00000022377,ENSG00000183336,ENSG00000170540,ENSG00000143761,ENSG00000142687,ENSG00000153317
25,BOLA3,ARPC5,ARF5,BAK1,ATF3,ENSMUSG00000045160,ENSMUSG00000008475,ENSMUSG00000020440,ENSMUSG00000057789,ENSMUSG00000026628,ENSG00000163170,ENSG00000162704,ENSG00000004059,ENSG00000030110,ENSG00000162772
26,BZW1,ATOX1,ARFGEF1,BST1,ATF4,ENSMUSG00000051223,ENSMUSG00000018585,ENSMUSG00000067851,ENSMUSG00000029082,ENSMUSG00000042406,ENSG00000082153,ENSG00000177556,ENSG00000066777,ENSG00000109743,ENSG00000128272
27,LOC107504495,ATP5F1B,ARPC2,C2CD2L,ATP10B,ENSMUSG00000018446,ENSMUSG00000025393,ENSMUSG00000006304,ENSMUSG00000032120,ENSMUSG00000055415,ENSG00000108561,ENSG00000110955,ENSG00000163466,ENSG00000172375,ENSG00000118322
28,LOC107515513,ATP5F1C,ASAH2,KIAA1522,AZIN1,ENSMUSG00000014226,ENSMUSG00000025781,ENSMUSG00000024887,ENSMUSG00000050390,ENSMUSG00000037458,ENSG00000116161,ENSG00000165629,ENSG00000188611,ENSG00000162522,ENSG00000155096
29,CAPRIN1,ATP5F1D,ASPA,CAPZB,BACH1,ENSMUSG00000027184,ENSMUSG00000003072,ENSMUSG00000020774,ENSMUSG00000028745,ENSMUSG00000025612,ENSG00000135387,ENSG00000099624,ENSG00000108381,ENSG00000077549,ENSG00000156273
30,CARHSP1,ATP5F1E,ATP1A1,CASZ1,BAIAP2L1,ENSMUSG00000008393,ENSMUSG00000016252,ENSMUSG00000033161,ENSMUSG00000028977,ENSMUSG00000038859,ENSG00000153048,ENSG00000124172,ENSG00000163399,ENSG00000130940,ENSG00000006453
31,CBX1,ATP5PB,ATP1B1,CCL24,BDH2,ENSMUSG00000018666,ENSMUSG00000000563,ENSMUSG00000026576,ENSMUSG00000004814,ENSMUSG00000028167,ENSG00000108468,ENSG00000116459,ENSG00000143153,ENSG00000106178,ENSG00000164039
32,CBX3,ATP5MC1,ATP2B1,CD82,BHLHE40,ENSMUSG00000029836,ENSMUSG00000006057,ENSMUSG00000019943,ENSMUSG00000027215,ENSMUSG00000030103,ENSG00000122565,ENSG00000159199,ENSG00000070961,ENSG00000085117,ENSG00000134107
33,CBX5,ATP5MC3,ATP6V1G1,CDHR2,BNIP3L,ENSMUSG00000009575,ENSMUSG00000018770,ENSMUSG00000039105,ENSMUSG00000034918,ENSMUSG00000022051,ENSG00000094916,ENSG00000154518,ENSG00000136888,ENSG00000074276,ENSG00000104765
34,CCDC12,ATP5PD,ATP9A,CDIPT,BTG2,ENSMUSG00000019659,ENSMUSG00000034566,ENSMUSG00000027546,ENSMUSG00000030682,ENSMUSG00000020423,ENSG00000160799,ENSG00000167863,ENSG00000054793,ENSG00000103502,ENSG00000159388
35,CCDC124,ATP5PF,AUP1,CDK11A,CAB39,ENSMUSG00000007721,ENSMUSG00000022890,ENSMUSG00000068328,ENSMUSG00000029062,ENSMUSG00000036707,ENSG00000007080,ENSG00000154723,ENSG00000115307,ENSG00000008128,ENSG00000135932
36,CCDC34,ATP5ME,B4GALT6,CDK18,CAPNS1,ENSMUSG00000027160,ENSMUSG00000050856,ENSMUSG00000056124,ENSMUSG00000026437,ENSMUSG00000001794,ENSG00000109881,ENSG00000169020,ENSG00000118276,ENSG00000117266,ENSG00000126247
37,CCL28,ATP5PO,BET1,CDR2,CASP8,ENSMUSG00000074715,ENSMUSG00000022956,ENSMUSG00000032757,ENSMUSG00000030878,ENSMUSG00000026029,ENSG00000151882,ENSG00000249209,ENSG00000105829,ENSG00000284077,ENSG00000064012
38,CCND1,ATP6V0A2,CALML4,CGREF1,CAST,ENSMUSG00000070348,ENSMUSG00000038023,ENSMUSG00000032246,ENSMUSG00000029161,ENSMUSG00000021585,ENSG00000110092,ENSG00000185344,ENSG00000129007,ENSG00000138028,ENSG00000153113
39,CCND2,ATP6V0B,CAMK2D,CHD3,CCDC71L,ENSMUSG00000000184,ENSMUSG00000033379,ENSMUSG00000053819,ENSMUSG00000018474,ENSMUSG00000090946,ENSG00000118971,ENSG00000117410,ENSG00000145349,ENSG00000170004,ENSG00000253276
40,CCT2,ATP6V0E1,CAMK2N1,CHKA,CCNG2,ENSMUSG00000034024,ENSMUSG00000015575,ENSMUSG00000046447,ENSMUSG00000024843,ENSMUSG00000029385,ENSG00000166226,ENSG00000113732,ENSG00000162545,ENSG00000110721,ENSG00000138764
41,CCT3,ATXN7L3B,CAPZA2,CHMP2B,CCNL1,ENSMUSG00000001416,ENSMUSG00000074748,ENSMUSG00000015733,ENSMUSG00000004843,ENSMUSG00000027829,ENSG00000163468,ENSG00000253719,ENSG00000198898,ENSG00000083937,ENSG00000163660
42,CCT4,B4GALNT1,CASP7,CHMP5,CCSER2,ENSMUSG00000007739,ENSMUSG00000006731,ENSMUSG00000025076,ENSMUSG00000028419,ENSMUSG00000058690,ENSG00000115484,ENSG00000135454,ENSG00000165806,ENSG00000086065,ENSG00000107771
43,CCT5,BAD,CAT,CHUK,CD63,ENSMUSG00000022234,ENSMUSG00000024959,ENSMUSG00000027187,ENSMUSG00000025199,ENSMUSG00000025351,ENSG00000150753,ENSG00000002330,ENSG00000121691,ENSG00000213341,ENSG00000135404
44,CCT7,BAIAP2L2,CCNI,CLCN3,CDC42BPB,ENSMUSG00000030007,ENSMUSG00000018126,ENSMUSG00000063015,ENSMUSG00000004319,ENSMUSG00000021279,ENSG00000135624,ENSG00000128298,ENSG00000118816,ENSG00000109572,ENSG00000198752
45,CCT8,BCAP31,CD36,CMPK1,CDC42SE2,ENSMUSG00000025613,ENSMUSG00000002015,ENSMUSG00000002944,ENSMUSG00000028719,ENSMUSG00000052298,ENSG00000156261,ENSG00000185825,ENSG00000135218,ENSG00000162368,ENSG00000158985
46,CDC37,BCHE,CD74,COPA,CDC73,ENSMUSG00000019471,ENSMUSG00000027792,ENSMUSG00000024610,ENSMUSG00000026553,ENSMUSG00000026361,ENSG00000105401,ENSG00000114200,ENSG00000019582,ENSG00000122218,ENSG00000134371
47,CDCA3,BPNT1,CDA,COPB1,CDH1,ENSMUSG00000023505,ENSMUSG00000026617,ENSMUSG00000028755,ENSMUSG00000030754,ENSMUSG00000000303,ENSG00000111665,ENSG00000162813,ENSG00000158825,ENSG00000129083,ENSG00000039068
48,CDK4,BRI3,CDC42,COPB2,CDKN1A,ENSMUSG00000006728,ENSMUSG00000047843,ENSMUSG00000006699,ENSMUSG00000032458,ENSMUSG00000023067,ENSG00000135446,ENSG00000164713,ENSG00000070831,ENSG00000184432,ENSG00000124762
49,CDX1,LOC107502545,CDH17,CORO1C,CEACAM18,ENSMUSG00000024619,ENSMUSG00000037905,ENSMUSG00000028217,ENSMUSG00000004530,ENSMUSG00000030472,ENSG00000113722,ENSG00000184992,ENSG00000079112,ENSG00000110880,ENSG00000213822
50,CENPA,BSG,CFL1,CST6,CEBPG,ENSMUSG00000029177,ENSMUSG00000023175,ENSMUSG00000056201,ENSMUSG00000024846,ENSMUSG00000056216,ENSG00000115163,ENSG00000172270,ENSG00000172757,ENSG00000175315,ENSG00000153879
51,CENPW,C1D,CIB1,DAZAP2,CFLAR,ENSMUSG00000075266,ENSMUSG00000000581,ENSMUSG00000030538,ENSMUSG00000000346,ENSMUSG00000026031,ENSG00000203760,ENSG00000197223,ENSG00000185043,ENSG00000183283,ENSG00000003402
52,CHCHD1,CALR,CITED2,DEGS2,CGGBP1,ENSMUSG00000063787,ENSMUSG00000003814,ENSMUSG00000039910,ENSMUSG00000021263,ENSMUSG00000054604,ENSG00000172586,ENSG00000179218,ENSG00000164442,ENSG00000168350,ENSG00000163320
53,CLINT1,CAPZA1,CKB,DENND5B,CGN,ENSMUSG00000006169,ENSMUSG00000070372,ENSMUSG00000001270,ENSMUSG00000030313,ENSMUSG00000068876,ENSG00000113282,ENSG00000116489,ENSG00000166165,ENSG00000170456,ENSG00000143375
54,CLUH,CA4,LOC107510957,DHCR24,CHMP1A,ENSMUSG00000020741,ENSMUSG00000000805,ENSMUSG00000000308,ENSMUSG00000034926,ENSMUSG00000000743,ENSG00000132361,ENSG00000167434,ENSG00000223572,ENSG00000116133,ENSG00000131165
55,CMC2,LOC107504294,CLDN15,DNM2,CHMP2A,ENSMUSG00000014633,ENSMUSG00000025888,ENSMUSG00000001739,ENSMUSG00000033335,ENSMUSG00000033916,ENSG00000103121,ENSG00000204397,ENSG00000106404,ENSG00000079805,ENSG00000130724
56,COTL1,CASP6,CLIC5,EDF1,CHMP4B,ENSMUSG00000031827,ENSMUSG00000027997,ENSMUSG00000023959,ENSMUSG00000015092,ENSMUSG00000038467,ENSG00000103187,ENSG00000138794,ENSG00000112782,ENSG00000107223,ENSG00000101421
57,LOC107509593,CCL25,CLTB,EIF4H,CHMP4C,ENSMUSG00000024248,ENSMUSG00000023235,ENSMUSG00000047547,ENSMUSG00000040731,ENSMUSG00000027536,ENSG00000115944,ENSG00000131142,ENSG00000175416,ENSG00000106682,ENSG00000164695
58,CPS1,CD164,CLTC,ENTPD7,CHP1,ENSMUSG00000025991,ENSMUSG00000019818,ENSMUSG00000047126,ENSMUSG00000025192,ENSMUSG00000014077,ENSG00000021826,ENSG00000135535,ENSG00000141367,ENSG00000198018,ENSG00000187446
59,CSRP2,LOC107517796,CNDP2,EPHX2,CIDEC,ENSMUSG00000020186,ENSMUSG00000061665,ENSMUSG00000024644,ENSMUSG00000022040,ENSMUSG00000030278,ENSG00000175183,ENSG00000198087,ENSG00000133313,ENSG00000120915,ENSG00000187288
60,CTBP1,CD47,COPZ1,EPS8L2,CLDN3,ENSMUSG00000037373,ENSMUSG00000055447,ENSMUSG00000060992,ENSMUSG00000025504,ENSMUSG00000070473,ENSG00000159692,ENSG00000196776,ENSG00000111481,ENSG00000177106,ENSG00000165215
61,LOC107502360,CD81,LOC107497645,ERBB3,CLDN4,ENSMUSG00000006519,ENSMUSG00000037706,ENSMUSG00000074218,ENSMUSG00000018166,ENSMUSG00000047501,ENSG00000051523,ENSG00000110651,ENSG00000161281,ENSG00000065361,ENSG00000189143
62,DAZAP1,CDKN2B,CPT2,ERICH4,CLDN7,ENSMUSG00000069565,ENSMUSG00000073802,ENSMUSG00000028607,ENSMUSG00000074261,ENSMUSG00000018569,ENSG00000071626,ENSG00000147883,ENSG00000157184,ENSG00000204978,ENSG00000262302
63,DCTPP1,CDS1,CRAT,ESPN,CLIC4,ENSMUSG00000042462,ENSMUSG00000029330,ENSMUSG00000026853,ENSMUSG00000028943,ENSMUSG00000037242,ENSG00000179958,ENSG00000163624,ENSG00000095321,ENSG00000187017,ENSG00000169504
64,DDOST,CDX2,CRIPT,FAM3C,CLK1,ENSMUSG00000028757,ENSMUSG00000029646,ENSMUSG00000024146,ENSMUSG00000029672,ENSMUSG00000026034,ENSG00000244038,ENSG00000165556,ENSG00000119878,ENSG00000196937,ENSG00000013441
65,DEK,CENPV,CROT,TENT5A,CLRN3,ENSMUSG00000021377,ENSMUSG00000018509,ENSMUSG00000003623,ENSMUSG00000032265,ENSMUSG00000050866,ENSG00000124795,ENSG00000166582,ENSG00000005469,ENSG00000112773,ENSG00000180745
66,DHX15,CHCHD2,CRYL1,FAT1,LOC107521320,ENSMUSG00000029169,ENSMUSG00000070493,ENSMUSG00000021947,ENSMUSG00000070047,ENSMUSG00000034390,ENSG00000109606,ENSG00000106153,ENSG00000165475,ENSG00000083857,ENSG00000153815
67,DNAJC15,CHCHD3,CTSB,FBXL5,COQ10B,ENSMUSG00000022013,ENSMUSG00000053768,ENSMUSG00000021939,ENSMUSG00000039753,ENSMUSG00000025981,ENSG00000120675,ENSG00000106554,ENSG00000285132,ENSG00000118564,ENSG00000115520
68,DPH3,CHCHD7,CTSZ,FRK,LOC107515431,ENSMUSG00000021905,ENSMUSG00000042198,ENSMUSG00000016256,ENSMUSG00000019779,ENSMUSG00000051811,ENSG00000154813,ENSG00000170791,ENSG00000101160,ENSG00000111816,ENSG00000160471
69,DPM3,CHPT1,CUBN,FUCA2,CRB3,ENSMUSG00000042737,ENSMUSG00000060002,ENSMUSG00000026726,ENSMUSG00000019810,ENSMUSG00000044279,ENSG00000179085,ENSG00000111666,ENSG00000107611,ENSG00000001036,ENSG00000130545
70,DPY30,CISD1,LOC107511927,GATA6,CREB3L3,ENSMUSG00000024067,ENSMUSG00000037710,ENSMUSG00000031924,ENSMUSG00000005836,ENSMUSG00000035041,ENSG00000162961,ENSG00000122873,ENSG00000103018,ENSG00000141448,ENSG00000060566
71,DRAP1,CISD2,LOC107505560,GGT1,CTDSP2,ENSMUSG00000024914,ENSMUSG00000028165,ENSMUSG00000018042,ENSMUSG00000006345,ENSMUSG00000078429,ENSG00000175550,ENSG00000145354,ENSG00000100243,ENSG00000100031,ENSG00000175215
72,DTYMK,CLDND1,KIAA0232,GIPC2,CTNNA1,ENSMUSG00000026281,ENSMUSG00000022744,ENSMUSG00000029190,ENSMUSG00000039131,ENSMUSG00000037815,ENSG00000168393,ENSG00000080822,ENSG00000170871,ENSG00000137960,ENSG00000044115
73,DUT,CLTA,DAB1,GOLGA4,CTNNB1,ENSMUSG00000027203,ENSMUSG00000028478,ENSMUSG00000028519,ENSMUSG00000038708,ENSMUSG00000006932,ENSG00000128951,ENSG00000122705,ENSG00000173406,ENSG00000144674,ENSG00000168036
74,EEF1G,CNIH1,DDC,GPD2,CTTN,ENSMUSG00000071644,ENSMUSG00000015759,ENSMUSG00000020182,ENSMUSG00000026827,ENSMUSG00000031078,ENSG00000254772,ENSG00000100528,ENSG00000132437,ENSG00000115159,ENSG00000085733
75,EEF2,CNIH4,DERA,GPR107,CXADR,ENSMUSG00000034994,ENSMUSG00000062169,ENSMUSG00000030225,ENSMUSG00000000194,ENSMUSG00000022865,ENSG00000167658,ENSG00000143771,ENSG00000023697,ENSG00000148358,ENSG00000277666
76,EIF2S2,CNPY2,DERL1,GRAMD2B,CYSTM1,ENSMUSG00000074656,ENSMUSG00000025381,ENSMUSG00000022365,ENSMUSG00000001700,ENSMUSG00000046727,ENSG00000125977,ENSG00000144785,ENSG00000136986,ENSG00000155324,ENSG00000120306
77,EIF3A,LOC107513847,DIO1,GRINA,MACIR,ENSMUSG00000024991,ENSMUSG00000017188,ENSMUSG00000034785,ENSMUSG00000022564,ENSMUSG00000044768,ENSG00000107581,ENSG00000183978,ENSG00000211452,ENSG00000178719,ENSG00000181751
78,EIF3B,LOC107509982,DLST,GUCA2A,DCTN3,ENSMUSG00000056076,ENSMUSG00000026112,ENSMUSG00000004789,ENSMUSG00000023247,ENSMUSG00000028447,ENSG00000106263,ENSG00000183513,ENSG00000119689,ENSG00000197273,ENSG00000137100
79,LOC107515828,COPE,DNASE1,GUCA2B,DDIT3,ENSMUSG00000030738,ENSMUSG00000055681,ENSMUSG00000005980,ENSMUSG00000032978,ENSMUSG00000025408,ENSG00000184110,ENSG00000105669,ENSG00000213918,ENSG00000044012,ENSG00000175197
80,EIF3E,CORO2A,DPEP1,GUCD1,DDX5,ENSMUSG00000022336,ENSMUSG00000028337,ENSMUSG00000019278,ENSMUSG00000033416,ENSMUSG00000020719,ENSG00000104408,ENSG00000106789,ENSG00000015413,ENSG00000138867,ENSG00000108654
81,EIF3G,LOC107514266,DPP4,HCFC1R1,DEDD2,ENSMUSG00000070319,ENSMUSG00000023020,ENSMUSG00000035000,ENSMUSG00000023904,ENSMUSG00000054499,ENSG00000130811,ENSG00000178449,ENSG00000197635,ENSG00000103145,ENSG00000160570
82,EIF3H,LOC107497380,DPYD,LOC107510552,DGAT2,ENSMUSG00000022312,ENSMUSG00000045438,ENSMUSG00000033308,ENSMUSG00000034088,ENSMUSG00000030747,ENSG00000147677,ENSG00000240230,ENSG00000188641,ENSG00000115677,ENSG00000062282
83,EIF3I,LOC107502351,DRAM2,HEPH,DIAPH1,ENSMUSG00000028798,ENSMUSG00000031818,ENSMUSG00000027900,ENSMUSG00000031209,ENSMUSG00000024456,ENSG00000084623,ENSG00000131143,ENSG00000156171,ENSG00000089472,ENSG00000131504
84,EIF3L,LOC107510524,DTX3L,HMG20B,DNAJB1,ENSMUSG00000033047,ENSMUSG00000000088,ENSMUSG00000049502,ENSMUSG00000020232,ENSMUSG00000005483,ENSG00000100129,ENSG00000178741,ENSG00000163840,ENSG00000064961,ENSG00000132002
85,EIF3M,LOC107501251,DYNC1H1,HSD17B11,DNAJC5,ENSMUSG00000027170,ENSMUSG00000041697,ENSMUSG00000018707,ENSMUSG00000029311,ENSMUSG00000000826,ENSG00000149100,ENSG00000111775,ENSG00000197102,ENSG00000198189,ENSG00000101152
86,EIF4A1,LOC107497665,EFCAB14,IER5,LOC107516778,ENSMUSG00000059796,ENSMUSG00000036751,ENSMUSG00000034210,ENSMUSG00000056708,ENSMUSG00000026209,ENSG00000161960,ENSG00000126267,ENSG00000159658,ENSG00000162783,ENSG00000123992
87,EIF4B,LOC107507599,EFR3A,IFI35,DSC2,ENSMUSG00000058655,ENSMUSG00000014313,ENSMUSG00000015002,ENSMUSG00000010358,ENSMUSG00000024331,ENSG00000063046,ENSG00000164919,ENSG00000132294,ENSG00000068079,ENSG00000134755
88,EIF4E2,LOC107503849,EIF1AD,INSIG2,DSG2,ENSMUSG00000026254,ENSMUSG00000031231,ENSMUSG00000024841,ENSMUSG00000003721,ENSMUSG00000044393,ENSG00000135930,ENSG00000131174,ENSG00000175376,ENSG00000125629,ENSG00000046604
89,EIF4G1,LOC107497080,EIF4A2,ITM2B,LOC107507209,ENSMUSG00000045983,ENSMUSG00000035885,ENSMUSG00000022884,ENSMUSG00000022108,ENSMUSG00000054889,ENSG00000114867,ENSG00000256100,ENSG00000156976,ENSG00000136156,ENSG00000096696
90,EIF4G2,CSDE1,LOC107508816,JAK2,DSTN,ENSMUSG00000005610,ENSMUSG00000068823,ENSMUSG00000028024,ENSMUSG00000024789,ENSMUSG00000015932,ENSG00000110321,ENSG00000009307,ENSG00000138792,ENSG00000096968,ENSG00000125868
91,EIF5,CSNK2B,ENTPD5,KLC4,DUSP1,ENSMUSG00000021282,ENSMUSG00000024387,ENSMUSG00000021236,ENSMUSG00000003546,ENSMUSG00000024190,ENSG00000100664,ENSG00000263020,ENSG00000187097,ENSG00000137171,ENSG00000120129
92,EIF5A,CSTB,EPB41L3,LASP1,DUSP6,ENSMUSG00000078812,ENSMUSG00000005054,ENSMUSG00000024044,ENSMUSG00000038366,ENSMUSG00000019960,ENSG00000132507,ENSG00000160213,ENSG00000082397,ENSG00000002834,ENSG00000139318
93,ELAVL1,CTNNBIP1,EPB41L4B,LIMA1,EFHD2,ENSMUSG00000040028,ENSMUSG00000028988,ENSMUSG00000028434,ENSMUSG00000023022,ENSMUSG00000040659,ENSG00000066044,ENSG00000178585,ENSG00000095203,ENSG00000050405,ENSG00000142634
94,ELOF1,LOC107512641,EPN1,LIPA,EFNA1,ENSMUSG00000013822,ENSMUSG00000024646,ENSMUSG00000035203,ENSMUSG00000024781,ENSMUSG00000027954,ENSG00000130165,ENSG00000166347,ENSG00000063245,ENSG00000107798,ENSG00000169242
95,EMC6,LOC107503471,ERGIC2,LIPE,EGLN2,ENSMUSG00000047260,ENSMUSG00000022551,ENSMUSG00000030304,ENSMUSG00000003123,ENSMUSG00000058709,ENSG00000127774,ENSG00000179091,ENSG00000087502,ENSG00000079435,ENSG00000268797
96,ENY2,DAD1,ESRRA,LRP10,EHBP1L1,ENSMUSG00000022338,ENSMUSG00000022174,ENSMUSG00000024955,ENSMUSG00000022175,ENSMUSG00000024937,ENSG00000120533,ENSG00000129562,ENSG00000173153,ENSG00000197324,ENSG00000173442
97,ERP29,DAG1,ETFA,MAFB,EIF6,ENSMUSG00000029616,ENSMUSG00000039952,ENSMUSG00000032314,ENSMUSG00000074622,ENSMUSG00000027613,ENSG00000089248,ENSG00000173402,ENSG00000140374,ENSG00000204103,ENSG00000261582
98,EWSR1,DDB1,EXOC3L4,MALL,ELF3,ENSMUSG00000009079,ENSMUSG00000024740,ENSMUSG00000021280,ENSMUSG00000027377,ENSMUSG00000003051,ENSG00000182944,ENSG00000167986,ENSG00000205436,ENSG00000144063,ENSG00000163435
99,FAM120A,LOC107497990,FAAH,MAPK6,ELL2,ENSMUSG00000038014,ENSMUSG00000022210,ENSMUSG00000034171,ENSMUSG00000042688,ENSMUSG00000001542,ENSG00000204352,ENSG00000187630,ENSG00000117480,ENSG00000069956,ENSG00000118985
100,FAM136A,DNAJA1,FABP1,MCFD2,EMP1,ENSMUSG00000057497,ENSMUSG00000028410,ENSMUSG00000054422,ENSMUSG00000024150,ENSMUSG00000030208,ENSG00000035141,ENSG00000086061,ENSG00000163586,ENSG00000180398,ENSG00000134531
101,FAM162A,DNAJA2,FABP2,MED13,ENPP3,ENSMUSG00000003955,ENSMUSG00000031701,ENSMUSG00000023057,ENSMUSG00000034297,ENSMUSG00000019989,ENSG00000114023,ENSG00000069345,ENSG00000145384,ENSG00000108510,ENSG00000154269
102,CIAO2A,DNAJB11,FAHD1,MEP1B,ENTPD8,ENSMUSG00000032381,ENSMUSG00000004460,ENSMUSG00000045316,ENSMUSG00000024313,ENSMUSG00000036813,ENSG00000166797,ENSG00000283149,ENSG00000180185,ENSG00000141434,ENSG00000188833
103,FGFR1OP2,DNAJC19,PRXL2A,ATP6,EPCAM,ENSMUSG00000040242,ENSMUSG00000027679,ENSMUSG00000021792,ENSMUSG00000064357,ENSMUSG00000045394,ENSG00000111790,ENSG00000205981,ENSG00000122378,ENSG00000198899,ENSG00000119888
104,FKBP4,DYNLL2,FAM234A,COX2,EPS8,ENSMUSG00000030357,ENSMUSG00000020483,ENSMUSG00000024187,ENSMUSG00000064354,ENSMUSG00000015766,ENSG00000004478,ENSG00000264364,ENSG00000269881,ENSG00000198712,ENSG00000151491
105,FUBP1,DYNLRB1,FAM8A1,ND1,EPS8L3,ENSMUSG00000028034,ENSMUSG00000047459,ENSMUSG00000069237,ENSMUSG00000064341,ENSMUSG00000040600,ENSG00000162613,ENSG00000125971,ENSG00000137414,ENSG00000198888,ENSG00000198758
106,FUS,ELOVL6,FBLN1,ND4L,ERRFI1,ENSMUSG00000030795,ENSMUSG00000041220,ENSMUSG00000006369,ENSMUSG00000065947,ENSMUSG00000028967,ENSG00000089280,ENSG00000170522,ENSG00000077942,ENSG00000212907,ENSG00000116285
107,G3BP1,ERGIC3,FBP2,ND5,ESYT2,ENSMUSG00000018583,ENSMUSG00000005881,ENSMUSG00000021456,ENSMUSG00000064367,ENSMUSG00000021171,ENSG00000145907,ENSG00000125991,ENSG00000130957,ENSG00000198786,ENSG00000117868
108,GADD45GIP1,ESD,FMO5,MUC13,ETNK1,ENSMUSG00000033751,ENSMUSG00000021996,ENSMUSG00000028088,ENSMUSG00000022824,ENSMUSG00000030275,ENSG00000179271,ENSG00000139684,ENSG00000131781,ENSG00000173702,ENSG00000139163
109,GLRX5,FAM104A,FUCA1,LOC107515856,ETS2,ENSMUSG00000021102,ENSMUSG00000041629,ENSMUSG00000028673,ENSMUSG00000030681,ENSMUSG00000022895,ENSG00000182512,ENSG00000133193,ENSG00000179163,ENSG00000013364,ENSG00000157557
110,GMDS,CIAO2B,GABARAPL2,MXI1,EZR,ENSMUSG00000038372,ENSMUSG00000031879,ENSMUSG00000031950,ENSMUSG00000025025,ENSMUSG00000052397,ENSG00000112699,ENSG00000166595,ENSG00000034713,ENSG00000119950,ENSG00000092820
111,GNB2,FIS1,GALM,MYO18A,F11R,ENSMUSG00000029713,ENSMUSG00000019054,ENSMUSG00000035473,ENSMUSG00000000631,ENSMUSG00000038235,ENSG00000172354,ENSG00000214253,ENSG00000143891,ENSG00000196535,ENSG00000158769
112,GPX1,FKBP1A,GALNT1,MYO7B,FAM102A,ENSMUSG00000063856,ENSMUSG00000032966,ENSMUSG00000000420,ENSMUSG00000024388,ENSMUSG00000039157,ENSG00000233276,ENSG00000088832,ENSG00000141429,ENSG00000169994,ENSG00000167106
113,GPX2,FKBP2,GCHFR,NRIP1,PHETA1,ENSMUSG00000042808,ENSMUSG00000056629,ENSMUSG00000046814,ENSMUSG00000048490,ENSMUSG00000044134,ENSG00000176153,ENSG00000173486,ENSG00000137880,ENSG00000180530,ENSG00000198324
114,GRPEL1,FKBP8,GCLM,FAM3D,FAM214B,ENSMUSG00000029198,ENSMUSG00000019428,ENSMUSG00000028124,ENSMUSG00000021749,ENSMUSG00000036002,ENSG00000109519,ENSG00000105701,ENSG00000023909,ENSG00000198643,ENSG00000005238
115,GSR,FTH1,GDA,OPTN,FAM3B,ENSMUSG00000031584,ENSMUSG00000024661,ENSMUSG00000058624,ENSMUSG00000026672,ENSMUSG00000022938,ENSG00000104687,ENSG00000167996,ENSG00000119125,ENSG00000123240,ENSG00000183844
116,GTF2A2,G3BP2,GDE1,OSGIN1,LRATD1,ENSMUSG00000033543,ENSMUSG00000029405,ENSMUSG00000033917,ENSMUSG00000074063,ENSMUSG00000020607,ENSG00000140307,ENSG00000138757,ENSG00000006007,ENSG00000140961,ENSG00000162981
117,GTF2H5,GANAB,GDPD2,PARP14,FAM98C,ENSMUSG00000034345,ENSMUSG00000071650,ENSMUSG00000019359,ENSMUSG00000034422,ENSMUSG00000030590,ENSG00000272047,ENSG00000089597,ENSG00000130055,ENSG00000173193,ENSG00000130244
118,LOC107519306,GDI2,GHITM,PCYT1A,FOS,ENSMUSG00000096210,ENSMUSG00000021218,ENSMUSG00000041028,ENSMUSG00000005615,ENSMUSG00000021250,ENSG00000189060,ENSG00000057608,ENSG00000165678,ENSG00000161217,ENSG00000170345
119,LOC107512397,GDPD1,GIMD1,LOC107519923,FOSB,ENSMUSG00000041126,ENSMUSG00000061666,ENSMUSG00000091721,ENSMUSG00000087687,ENSMUSG00000003545,ENSG00000105968,ENSG00000153982,ENSG00000250298,ENSG00000268400,ENSG00000125740
120,LOC107507926,GLO1,LOC107517580,PHYH,FOSL2,ENSMUSG00000049932,ENSMUSG00000024026,ENSMUSG00000014351,ENSMUSG00000026664,ENSMUSG00000029135,ENSG00000188486,ENSG00000124767,ENSG00000159224,ENSG00000107537,ENSG00000075426
121,LOC107506816,GLOD5,GLRX,PI4K2B,FOXO3,ENSMUSG00000015937,ENSMUSG00000031163,ENSMUSG00000021591,ENSMUSG00000029186,ENSMUSG00000048756,ENSG00000113648,ENSG00000171433,ENSG00000173221,ENSG00000281028,ENSG00000118689
122,LOC107517931,GLS,GNAI2,PICALM,LOC107509521,ENSMUSG00000037894,ENSMUSG00000026103,ENSMUSG00000032562,ENSMUSG00000039361,ENSMUSG00000018567,ENSG00000164032,ENSG00000115419,ENSG00000114353,ENSG00000073921,ENSG00000170296
123,HACD1,GLUD1,GNB1,PIM1,GALNT6,ENSMUSG00000063275,ENSMUSG00000021794,ENSMUSG00000029064,ENSMUSG00000024014,ENSMUSG00000037280,ENSG00000165996,ENSG00000148672,ENSG00000078369,ENSG00000137193,ENSG00000139629
124,HDGF,GNA11,GNG12,PIN4,GAS2L3,ENSMUSG00000004897,ENSMUSG00000034781,ENSMUSG00000036402,ENSMUSG00000079480,ENSMUSG00000074802,ENSG00000143321,ENSG00000088256,ENSG00000172380,ENSG00000102309,ENSG00000139354
125,HINT1,GNG5,GOLPH3,PLXNB2,GATAD2A,ENSMUSG00000020267,ENSMUSG00000068523,ENSMUSG00000022200,ENSMUSG00000036606,ENSMUSG00000036180,ENSG00000169567,ENSG00000174021,ENSG00000113384,ENSG00000196576,ENSG00000167491
126,LOC107517830,GPR89A,GPD1,PPM1A,GCH1,ENSMUSG00000044783,ENSMUSG00000028096,ENSMUSG00000023019,ENSMUSG00000021096,ENSMUSG00000037580,ENSG00000123485,ENSG00000117262,ENSG00000167588,ENSG00000100614,ENSG00000131979
127,HMGB1,GUK1,GPT,PRKCSH,GFPT1,ENSMUSG00000066551,ENSMUSG00000020444,ENSMUSG00000022546,ENSMUSG00000003402,ENSMUSG00000029992,ENSG00000189403,ENSG00000143774,ENSG00000167701,ENSG00000130175,ENSG00000198380
128,HMGB2,LOC107508612,GPX4,PTPRH,GNA13,ENSMUSG00000054717,ENSMUSG00000060032,ENSMUSG00000075706,ENSMUSG00000035429,ENSMUSG00000020611,ENSG00000164104,ENSG00000246705,ENSG00000167468,ENSG00000080031,ENSG00000120063
129,HMGN1,HIGD2A,GSK3B,PURA,GNAI3,ENSMUSG00000040681,ENSMUSG00000025868,ENSMUSG00000022812,ENSMUSG00000043991,ENSMUSG00000000001,ENSG00000205581,ENSG00000146066,ENSG00000082701,ENSG00000185129,ENSG00000065135
130,HNRNPA0,JPT1,GSTK1,RAB8A,GPA33,ENSMUSG00000007836,ENSMUSG00000020737,ENSMUSG00000029864,ENSMUSG00000003037,ENSMUSG00000000544,ENSG00000177733,ENSG00000189159,ENSG00000197448,ENSG00000167461,ENSG00000143167
131,HNRNPA2B1,HNF4G,GSTO1,RALGPS2,GPRC5A,ENSMUSG00000004980,ENSMUSG00000017688,ENSMUSG00000025068,ENSMUSG00000026594,ENSMUSG00000046733,ENSG00000122566,ENSG00000164749,ENSG00000148834,ENSG00000116191,ENSG00000013588
132,HNRNPC,HSPA5,LOC107500691,RAP2C,GRAMD1B,ENSMUSG00000060373,ENSMUSG00000026864,ENSMUSG00000001663,ENSMUSG00000050029,ENSMUSG00000040111,ENSG00000092199,ENSG00000044574,ENSG00000277656,ENSG00000123728,ENSG00000023171
133,HNRNPD,IDH3A,GUCY2C,RAPH1,GTPBP2,ENSMUSG00000000568,ENSMUSG00000032279,ENSMUSG00000042638,ENSMUSG00000026014,ENSMUSG00000023952,ENSG00000138668,ENSG00000166411,ENSG00000070019,ENSG00000173166,ENSG00000172432
134,HNRNPDL,IDH3G,HADH,RBM47,HBEGF,ENSMUSG00000029328,ENSMUSG00000002010,ENSMUSG00000027984,ENSMUSG00000070780,ENSMUSG00000024486,ENSG00000152795,ENSG00000067829,ENSG00000138796,ENSG00000163694,ENSG00000113070
135,HNRNPF,IDNK,HADHA,REEP3,HIF1A,ENSMUSG00000042079,ENSMUSG00000050002,ENSMUSG00000025745,ENSMUSG00000019873,ENSMUSG00000021109,ENSG00000169813,ENSG00000148057,ENSG00000084754,ENSG00000165476,ENSG00000100644
136,HNRNPH1,IL17RC,HADHB,RFK,HIGD1A,ENSMUSG00000007850,ENSMUSG00000030281,ENSMUSG00000059447,ENSMUSG00000024712,ENSMUSG00000038412,ENSG00000284254,ENSG00000163702,ENSG00000138029,ENSG00000135002,ENSG00000280571
137,HNRNPK,IL18,HKDC1,RNF128,HNF4A,ENSMUSG00000021546,ENSMUSG00000039217,ENSMUSG00000020080,ENSMUSG00000031438,ENSMUSG00000017950,ENSG00000165119,ENSG00000150782,ENSG00000156510,ENSG00000133135,ENSG00000101076
138,HNRNPM,IMMT,HSD17B4,ROCK2,HSD17B2,ENSMUSG00000059208,ENSMUSG00000052337,ENSMUSG00000024507,ENSMUSG00000020580,ENSMUSG00000031844,ENSG00000099783,ENSG00000132305,ENSG00000133835,ENSG00000134318,ENSG00000086696
139,HNRNPUL2,IRF2BP2,LOC107521200,RSRP1,ID1,ENSMUSG00000071659,ENSMUSG00000051495,ENSMUSG00000025396,ENSMUSG00000037266,ENSMUSG00000042745,ENSG00000214753,ENSG00000168264,ENSG00000025423,ENSG00000117616,ENSG00000125968
140,HOOK1,JTB,IDH1,SAP30L,IFNGR1,ENSMUSG00000028572,ENSMUSG00000027937,ENSMUSG00000025950,ENSMUSG00000020519,ENSMUSG00000020009,ENSG00000134709,ENSG00000143543,ENSG00000138413,ENSG00000164576,ENSG00000027697
141,HSD17B10,KDELR2,IER3IP1,LOC107521186,IFRD1,ENSMUSG00000025260,ENSMUSG00000079111,ENSMUSG00000090000,ENSMUSG00000028249,ENSMUSG00000001627,ENSG00000072506,ENSG00000136240,ENSG00000267228,ENSG00000137575,ENSG00000006652
142,HSD17B12,KIF5B,IFT20,SEC14L2,IL15,ENSMUSG00000027195,ENSMUSG00000006740,ENSMUSG00000001105,ENSMUSG00000003585,ENSMUSG00000031712,ENSG00000149084,ENSG00000170759,ENSG00000109083,ENSG00000249590,ENSG00000164136
143,HSP90AA1,KRCC1,IGSF9,SEC22B,IPMK,ENSMUSG00000021270,ENSMUSG00000053012,ENSMUSG00000037995,ENSMUSG00000027879,ENSMUSG00000060733,ENSG00000080824,ENSG00000172086,ENSG00000085552,ENSG00000265808,ENSG00000151151
144,HSP90AB1,LAD1,IL13RA1,SEC24A,ISG15,ENSMUSG00000023944,ENSMUSG00000041782,ENSMUSG00000017057,ENSMUSG00000036391,ENSMUSG00000035692,ENSG00000096384,ENSG00000159166,ENSG00000131724,ENSG00000113615,ENSG00000187608
145,HSP90B1,LAMTOR2,IMPA1,SEC24D,IST1,ENSMUSG00000020048,ENSMUSG00000028062,ENSMUSG00000027531,ENSMUSG00000039234,ENSMUSG00000031729,ENSG00000166598,ENSG00000116586,ENSG00000133731,ENSG00000150961,ENSG00000182149
146,HSPA8,LAMTOR4,IQGAP2,SEMA6A,ITGA6,ENSMUSG00000015656,ENSMUSG00000050552,ENSMUSG00000021676,ENSMUSG00000019647,ENSMUSG00000027111,ENSG00000109971,ENSG00000188186,ENSG00000145703,ENSG00000092421,ENSG00000091409
147,HSPA9,LAPTM4A,KDELR1,SGK1,JAK1,ENSMUSG00000024359,ENSMUSG00000020585,ENSMUSG00000002778,ENSMUSG00000019970,ENSMUSG00000028530,ENSG00000113013,ENSG00000068697,ENSG00000105438,ENSG00000118515,ENSG00000162434
148,HSPD1,LARP1B,KHK,SH3D19,JUN,ENSMUSG00000025980,ENSMUSG00000025762,ENSMUSG00000029162,ENSMUSG00000028082,ENSMUSG00000052684,ENSG00000144381,ENSG00000138709,ENSG00000138030,ENSG00000109686,ENSG00000177606
149,HSPH1,LETM1,LAMP1,SLC15A1,JUNB,ENSMUSG00000029657,ENSMUSG00000005299,ENSMUSG00000031447,ENSMUSG00000025557,ENSMUSG00000052837,ENSG00000120694,ENSG00000168924,ENSG00000185896,ENSG00000088386,ENSG00000171223
150,HYPK,LGALS9,LAMP2,SLC27A4,LOC107513800,ENSMUSG00000027245,ENSMUSG00000001123,ENSMUSG00000016534,ENSMUSG00000059316,ENSMUSG00000001552,ENSG00000242028,ENSG00000168961,ENSG00000005893,ENSG00000167114,ENSG00000173801
151,IDH3B,LMAN2,LAP3,SLC39A9,KCNK5,ENSMUSG00000027406,ENSMUSG00000021484,ENSMUSG00000039682,ENSMUSG00000048833,ENSMUSG00000023243,ENSG00000101365,ENSG00000169223,ENSG00000002549,ENSG00000029364,ENSG00000164626
152,IMPDH2,LOC107505903,LCT,SLC3A1,KLF3,ENSMUSG00000062867,ENSMUSG00000033306,ENSMUSG00000026354,ENSMUSG00000024131,ENSMUSG00000029178,ENSG00000178035,ENSG00000145012,ENSG00000115850,ENSG00000138079,ENSG00000109787
153,IQGAP1,LRRC58,LDB3,SLC46A1,KLF4,ENSMUSG00000030536,ENSMUSG00000034158,ENSMUSG00000021798,ENSMUSG00000020829,ENSMUSG00000003032,ENSG00000140575,ENSG00000163428,ENSG00000122367,ENSG00000076351,ENSG00000136826
154,LOC107511310,LRRC59,LDHA,SLC6A19,KLF6,ENSMUSG00000023150,ENSMUSG00000020869,ENSMUSG00000063229,ENSMUSG00000021565,ENSMUSG00000000078,ENSG00000116679,ENSG00000108829,ENSG00000134333,ENSG00000174358,ENSG00000067082
155,KCNE3,LOC107519339,LEAP2,SLC6A8,KRT18,ENSMUSG00000035165,ENSMUSG00000029823,ENSMUSG00000036216,ENSMUSG00000019558,ENSMUSG00000023043,ENSG00000175538,ENSG00000269955,ENSG00000164406,ENSG00000273554,ENSG00000111057
156,KLF5,LOC107499919,LPCAT3,SLC9A3R1,KRT8,ENSMUSG00000005148,ENSMUSG00000013643,ENSMUSG00000004270,ENSMUSG00000020733,ENSMUSG00000049382,ENSG00000102554,ENSG00000259823,ENSG00000111684,ENSG00000109062,ENSG00000170421
157,KPNB1,MAGT1,LPGAT1,SMAP1,LAMA3,ENSMUSG00000001440,ENSMUSG00000031232,ENSMUSG00000026623,ENSMUSG00000026155,ENSMUSG00000024421,ENSG00000108424,ENSG00000102158,ENSG00000123684,ENSG00000112305,ENSG00000053747
158,KRT19,MAOB,LRP1,SMPDL3B,LAMB3,ENSMUSG00000020911,ENSMUSG00000040147,ENSMUSG00000040249,ENSMUSG00000028885,ENSMUSG00000026639,ENSG00000171345,ENSG00000069535,ENSG00000123384,ENSG00000130768,ENSG00000196878
159,KRTCAP2,MAPK13,LRRC8B,SPPL2A,LGALS3,ENSMUSG00000042747,ENSMUSG00000004864,ENSMUSG00000070639,ENSMUSG00000027366,ENSMUSG00000050335,ENSG00000163463,ENSG00000156711,ENSG00000197147,ENSG00000138600,ENSG00000131981
160,LAMTOR1,ME2,LUZP1,ST3GAL4,LHFPL2,ENSMUSG00000030842,ENSMUSG00000024556,ENSMUSG00000001089,ENSMUSG00000032038,ENSMUSG00000045312,ENSG00000149357,ENSG00000082212,ENSG00000169641,ENSG00000110080,ENSG00000145685
161,LAMTOR5,MGAT4A,LYPLA1,STAP2,LMNA,ENSMUSG00000087260,ENSMUSG00000026110,ENSMUSG00000025903,ENSMUSG00000038781,ENSMUSG00000028063,ENSG00000134248,ENSG00000071073,ENSG00000120992,ENSG00000178078,ENSG00000160789
162,LBR,MGST1,MAF,STAT3,LMO7,ENSMUSG00000004880,ENSMUSG00000008540,ENSMUSG00000055435,ENSMUSG00000004040,ENSMUSG00000033060,ENSG00000143815,ENSG00000008394,ENSG00000178573,ENSG00000168610,ENSG00000136153
163,LGALS2,MGST2,MAN1A1,STK24,LPIN2,ENSMUSG00000043501,ENSMUSG00000074604,ENSMUSG00000003746,ENSMUSG00000063410,ENSMUSG00000024052,ENSG00000100079,ENSG00000085871,ENSG00000111885,ENSG00000102572,ENSG00000101577
164,LLPH,MGST3,MAPK1,STUB1,LRRFIP1,ENSMUSG00000020224,ENSMUSG00000026688,ENSMUSG00000063358,ENSMUSG00000039615,ENSMUSG00000026305,ENSG00000139233,ENSG00000143198,ENSG00000100030,ENSG00000103266,ENSG00000124831
165,LSM3,MIEN1,MAPK3,STX3,LSR,ENSMUSG00000034192,ENSMUSG00000002580,ENSMUSG00000063065,ENSMUSG00000041488,ENSMUSG00000001247,ENSG00000170860,ENSG00000141741,ENSG00000102882,ENSG00000166900,ENSG00000105699
166,LSM5,MICOS10,MARCHF6,SULT2B1,MAP1LC3B,ENSMUSG00000091625,ENSMUSG00000050608,ENSMUSG00000039100,ENSMUSG00000003271,ENSMUSG00000031812,ENSG00000106355,ENSG00000173436,ENSG00000145495,ENSG00000088002,ENSG00000140941
167,LSM6,MKKS,MDH1,SYNPO,MAP2K1,ENSMUSG00000031683,ENSMUSG00000027274,ENSMUSG00000020321,ENSMUSG00000043079,ENSMUSG00000004936,ENSG00000164167,ENSG00000125863,ENSG00000014641,ENSG00000171992,ENSG00000169032
168,LUC7L3,MLF2,MDH2,TBX3,MAP2K2,ENSMUSG00000020863,ENSMUSG00000030120,ENSMUSG00000019179,ENSMUSG00000018604,ENSMUSG00000035027,ENSG00000108848,ENSG00000089693,ENSG00000146701,ENSG00000135111,ENSG00000230626
169,MAL2,MLXIPL,MICAL1,TCF25,MAP2K3,ENSMUSG00000024479,ENSMUSG00000005373,ENSMUSG00000019823,ENSMUSG00000001472,ENSMUSG00000018932,ENSG00000147676,ENSG00000009950,ENSG00000135596,ENSG00000141002,ENSG00000034152
170,MANF,MORF4L1,MKRN2OS,TCF7L2,MAPK8,ENSMUSG00000032575,ENSMUSG00000062270,ENSMUSG00000068011,ENSMUSG00000024985,ENSMUSG00000021936,ENSG00000145050,ENSG00000185787,ENSG00000225526,ENSG00000148737,ENSG00000107643
171,MED28,MPC1,MLX,TMEM106A,MBNL2,ENSMUSG00000015804,ENSMUSG00000023861,ENSMUSG00000017801,ENSMUSG00000034947,ENSMUSG00000022139,ENSG00000118579,ENSG00000060762,ENSG00000108788,ENSG00000184988,ENSG00000139793
172,METAP2,MPC2,MME,TMEM37,MCL1,ENSMUSG00000036112,ENSMUSG00000026568,ENSMUSG00000027820,ENSMUSG00000050777,ENSMUSG00000038612,ENSG00000111142,ENSG00000143158,ENSG00000196549,ENSG00000171227,ENSG00000143384
173,MLEC,MRPL14,MOCS2,TMEM86A,MCU,ENSMUSG00000048578,ENSMUSG00000023939,ENSMUSG00000015536,ENSMUSG00000010307,ENSMUSG00000009647,ENSG00000110917,ENSG00000180992,ENSG00000164172,ENSG00000151117,ENSG00000156026
174,MMD,MRPL15,MPI,TNFAIP1,MDM2,ENSMUSG00000003948,ENSMUSG00000033845,ENSMUSG00000032306,ENSMUSG00000017615,ENSMUSG00000020184,ENSG00000108960,ENSG00000137547,ENSG00000178802,ENSG00000109079,ENSG00000135679
175,MRPL12,MRPL34,MPND,TOB1,MFN2,ENSMUSG00000039640,ENSMUSG00000034880,ENSMUSG00000003199,ENSMUSG00000037573,ENSMUSG00000029020,ENSG00000262814,ENSG00000130312,ENSG00000008382,ENSG00000141232,ENSG00000116688
176,MRPL18,MRPL43,MPP1,TPD52,MICU1,ENSMUSG00000057388,ENSMUSG00000025208,ENSMUSG00000031402,ENSMUSG00000027506,ENSMUSG00000020111,ENSG00000112110,ENSG00000055950,ENSG00000130830,ENSG00000276418,ENSG00000107745
177,MRPL20,MRPL51,LOC107497318,TRADD,MIDN,ENSMUSG00000029066,ENSMUSG00000030335,ENSMUSG00000024730,ENSMUSG00000031887,ENSMUSG00000035621,ENSG00000242485,ENSG00000111639,ENSG00000166959,ENSG00000102871,ENSG00000167470
178,MRPL21,MRPL54,MTMR4,TSPAN13,LOC107500901,ENSMUSG00000024829,ENSMUSG00000034932,ENSMUSG00000018401,ENSMUSG00000020577,ENSMUSG00000035852,ENSG00000197345,ENSG00000183617,ENSG00000108389,ENSG00000106537,ENSG00000099812
179,MRPL23,MRPL55,LOC107517921,UAP1L1,MKRN1,ENSMUSG00000037772,ENSMUSG00000036860,ENSMUSG00000028158,ENSMUSG00000026956,ENSMUSG00000029922,ENSG00000276345,ENSG00000162910,ENSG00000138823,ENSG00000197355,ENSG00000133606
180,MRPL24,MRPS15,MVB12A,UBXN2A,MPP5,ENSMUSG00000019710,ENSMUSG00000028861,ENSMUSG00000031813,ENSMUSG00000020634,ENSMUSG00000021112,ENSG00000143314,ENSG00000116898,ENSG00000141971,ENSG00000173960,ENSG00000072415
181,MRPL28,MRPS21,MYLK,UPP1,MTMR11,ENSMUSG00000024181,ENSMUSG00000054312,ENSMUSG00000022836,ENSMUSG00000020407,ENSMUSG00000045934,ENSG00000086504,ENSG00000266472,ENSG00000065534,ENSG00000183696,ENSG00000014914
182,MRPL30,MTPN,MYO1A,USH1C,MXD1,ENSMUSG00000026087,ENSMUSG00000029840,ENSMUSG00000025401,ENSMUSG00000030838,ENSMUSG00000001156,ENSG00000241962,ENSG00000105887,ENSG00000166866,ENSG00000006611,ENSG00000059728
183,MRPL33,LOC107516877,MYO5B,VIL1,MYH14,ENSMUSG00000106918,ENSMUSG00000034868,ENSMUSG00000025885,ENSMUSG00000026175,ENSMUSG00000030739,ENSG00000243147,ENSG00000118680,ENSG00000266997,ENSG00000127831,ENSG00000105357
184,MRPL35,MYO1D,NAALADL1,XDH,MYL6,ENSMUSG00000052962,ENSMUSG00000035441,ENSMUSG00000054999,ENSMUSG00000024066,ENSMUSG00000090841,ENSG00000132313,ENSG00000176658,ENSG00000168060,ENSG00000158125,ENSG00000092841
185,MRPL36,MYO6,NCKAP1,LOC107497750,MYO1E,ENSMUSG00000021607,ENSMUSG00000033577,ENSMUSG00000027002,ENSMUSG00000025860,ENSMUSG00000032220,ENSG00000171421,ENSG00000196586,ENSG00000061676,ENSG00000163098,ENSG00000157483
186,MRPL42,NADK,NCOR1,YIPF5,NCKAP5,ENSMUSG00000062981,ENSMUSG00000029063,ENSMUSG00000018501,ENSMUSG00000024487,ENSMUSG00000049690,ENSG00000198015,ENSG00000008130,ENSG00000141027,ENSG00000145817,ENSG00000176771
187,MRPL52,NARS1,NDUFA1,ZBTB7B,NDFIP2,ENSMUSG00000010406,ENSMUSG00000024587,ENSMUSG00000016427,ENSMUSG00000028042,ENSMUSG00000053253,ENSG00000172590,ENSG00000134440,ENSG00000125356,ENSG00000160685,ENSG00000102471
188,MRPL57,NDUFA11,NEURL3,ZFPM1,NET1,ENSMUSG00000021967,ENSMUSG00000002379,ENSMUSG00000047180,ENSMUSG00000049577,ENSMUSG00000021215,ENSG00000173141,ENSG00000267740,ENSG00000163121,ENSG00000179588,ENSG00000173848
189,MRPS14,NDUFA12,NIPA2,ZG16,NFKBIA,ENSMUSG00000058267,ENSMUSG00000020022,ENSMUSG00000030452,ENSMUSG00000049350,ENSMUSG00000021025,ENSG00000120333,ENSG00000184752,ENSG00000140157,ENSG00000174992,ENSG00000100906
190,MRPS16,NDUFA2,NUDT5,,NIPAL1,ENSMUSG00000049960,ENSMUSG00000014294,ENSMUSG00000025817,,ENSMUSG00000067219,ENSG00000182180,ENSG00000131495,ENSG00000165609,,ENSG00000163293
191,MRPS18A,NDUFA5,NUS1,,NOCT,ENSMUSG00000023967,ENSMUSG00000023089,ENSMUSG00000023068,,ENSMUSG00000023087,ENSG00000096080,ENSG00000128609,ENSG00000153989,,ENSG00000151014
192,MRPS24,NDUFA7,OGDH,,NPC1,ENSMUSG00000020477,ENSMUSG00000041881,ENSMUSG00000020456,,ENSMUSG00000024413,ENSG00000062582,ENSG00000167774,ENSG00000105953,,ENSG00000141458
193,MRPS26,NDUFA9,OS9,,NPC1L1,ENSMUSG00000037740,ENSMUSG00000000399,ENSMUSG00000040462,,ENSMUSG00000020447,ENSG00000125901,ENSG00000255639,ENSG00000135506,,ENSG00000015520
194,MRPS33,NDUFAB1,P4HB,,NT5E,ENSMUSG00000029918,ENSMUSG00000030869,ENSMUSG00000025130,,ENSMUSG00000032420,ENSG00000090263,ENSG00000004779,ENSG00000185624,,ENSG00000135318
195,MRPS5,NDUFB10,PAPSS2,,NUAK2,ENSMUSG00000027374,ENSMUSG00000040048,ENSMUSG00000024899,,ENSMUSG00000009772,ENSG00000144029,ENSG00000140990,ENSG00000198682,,ENSG00000163545
196,MRPS7,NDUFB2,PCK1,,NUDT4,ENSMUSG00000046756,ENSMUSG00000002416,ENSMUSG00000027513,,ENSMUSG00000020029,ENSG00000125445,ENSG00000090266,ENSG00000124253,,ENSG00000173598
197,MTCH1,NDUFB3,PDCD10,,ODC1,ENSMUSG00000024012,ENSMUSG00000026032,ENSMUSG00000027835,,ENSMUSG00000011179,ENSG00000137409,ENSG00000119013,ENSG00000114209,,ENSG00000115758
198,MTDH,NDUFB4,PDCD6,,ORMDL3,ENSMUSG00000022255,ENSMUSG00000022820,ENSMUSG00000021576,,ENSMUSG00000038150,ENSG00000147649,ENSG00000065518,ENSG00000249915,,ENSG00000172057
199,MYDGF,NDUFB5,PDZK1,,OTUD7B,ENSMUSG00000019579,ENSMUSG00000027673,ENSMUSG00000038298,,ENSMUSG00000038495,ENSG00000074842,ENSG00000136521,ENSG00000174827,,ENSG00000264522
200,LOC107516865,NDUFB7,PEPD,,PAFAH1B1,ENSMUSG00000024048,ENSMUSG00000033938,ENSMUSG00000063931,,ENSMUSG00000020745,ENSG00000101608,ENSG00000099795,ENSG00000124299,,ENSG00000007168
201,NAA10,NDUFB8,LOC107519463,,PCDH1,ENSMUSG00000031388,ENSMUSG00000025204,ENSMUSG00000021196,,ENSMUSG00000051375,ENSG00000102030,ENSG00000255339,ENSG00000067057,,ENSG00000156453
202,NAA38,NDUFB9,PFN1,,PCYT2,ENSMUSG00000059278,ENSMUSG00000022354,ENSMUSG00000018293,,ENSMUSG00000025137,ENSG00000183011,ENSG00000147684,ENSG00000108518,,ENSG00000185813
203,NAA50,NDUFC1,PGRMC1,,LOC107517728,ENSMUSG00000022698,ENSMUSG00000037152,ENSMUSG00000006373,,ENSMUSG00000032504,ENSG00000121579,ENSG00000109390,ENSG00000101856,,ENSG00000170248
204,LOC107504982,NDUFS2,PGRMC2,,PDGFA,ENSMUSG00000026234,ENSMUSG00000013593,ENSMUSG00000049940,,ENSMUSG00000025856,ENSG00000115053,ENSG00000158864,ENSG00000164040,,ENSG00000197461
205,NDUFAF4,NDUFS4,PIGR,,PDLIM1,ENSMUSG00000028261,ENSMUSG00000021764,ENSMUSG00000026417,,ENSMUSG00000055044,ENSG00000123545,ENSG00000164258,ENSG00000162896,,ENSG00000107438
206,NDUFB6,NDUFS5,PITPNA,,PDLIM2,ENSMUSG00000071014,ENSMUSG00000028648,ENSMUSG00000017781,,ENSMUSG00000022090,ENSG00000165264,ENSG00000168653,ENSG00000174238,,ENSG00000248235
207,NDUFC2,NDUFS6,PKM,,PELI1,ENSMUSG00000030647,ENSMUSG00000021606,ENSMUSG00000032294,,ENSMUSG00000020134,ENSG00000151366,ENSG00000145494,ENSG00000067225,,ENSG00000197329
208,NDUFS8,NDUFV1,PLA2G12B,,LOC107503877,ENSMUSG00000059734,ENSMUSG00000037916,ENSMUSG00000009646,,ENSMUSG00000019851,ENSG00000110717,ENSG00000167792,ENSG00000138308,,ENSG00000112378
209,NFIB,NDUFV2,PLAAT3,,PFKFB4,ENSMUSG00000008575,ENSMUSG00000024099,ENSMUSG00000060675,,ENSMUSG00000025648,ENSG00000147862,ENSG00000178127,ENSG00000176485,,ENSG00000114268
210,NHP2,NDUFV3,PLPP1,,PGM2,ENSMUSG00000001056,ENSMUSG00000024038,ENSMUSG00000021759,,ENSMUSG00000029171,ENSG00000145912,ENSG00000160194,ENSG00000067113,,ENSG00000169299
211,LOC107498731,NFE2L2,PLS1,,PHLDA1,ENSMUSG00000037601,ENSMUSG00000015839,ENSMUSG00000049493,,ENSMUSG00000020205,ENSG00000239672,ENSG00000116044,ENSG00000120756,,ENSG00000139289
212,NOL7,NLRP6,PPA1,,PKP3,ENSMUSG00000063200,ENSMUSG00000038745,ENSMUSG00000020089,,ENSMUSG00000054065,ENSG00000225921,ENSG00000174885,ENSG00000180817,,ENSG00000184363
213,LOC107516845,NR3C1,PPP1R14D,,PLEC,ENSMUSG00000030835,ENSMUSG00000024431,ENSMUSG00000027317,,ENSMUSG00000022565,ENSG00000185164,ENSG00000113580,ENSG00000166143,,ENSG00000178209
214,NONO,OAZ1,PRDX5,,PLEK2,ENSMUSG00000031311,ENSMUSG00000035242,ENSMUSG00000024953,,ENSMUSG00000021118,ENSG00000147140,ENSG00000273734,ENSG00000126432,,ENSG00000100558
215,NOP10,OCIAD2,PRKCZ,,PLEKHA1,ENSMUSG00000027133,ENSMUSG00000029153,ENSMUSG00000029053,,ENSMUSG00000040268,ENSG00000182117,ENSG00000145247,ENSG00000067606,,ENSG00000107679
216,NPC2,OGT,PRKG2,,PLEKHF2,ENSMUSG00000021242,ENSMUSG00000034160,ENSMUSG00000029334,,ENSMUSG00000049969,ENSG00000119655,ENSG00000147162,ENSG00000138669,,ENSG00000175895
217,NPEPPS,OSTF1,PRR15,,PLIN3,ENSMUSG00000001441,ENSMUSG00000024725,ENSMUSG00000045725,,ENSMUSG00000024197,ENSG00000141279,ENSG00000134996,ENSG00000176532,,ENSG00000105355
218,NPM1,OTC,PSMB10,,PMAIP1,ENSMUSG00000057113,ENSMUSG00000031173,ENSMUSG00000031897,,ENSMUSG00000024521,ENSG00000181163,ENSG00000036473,ENSG00000261884,,ENSG00000141682
219,NPM3,PCCB,PTPRF,,PMEPA1,ENSMUSG00000056209,ENSMUSG00000032527,ENSMUSG00000033295,,ENSMUSG00000038400,ENSG00000107833,ENSG00000114054,ENSG00000142949,,ENSG00000124225
220,NSA2,PCSK5,LOC107510211,,PMP22,ENSMUSG00000060739,ENSMUSG00000024713,ENSMUSG00000009291,,ENSMUSG00000018217,ENSG00000164346,ENSG00000099139,ENSG00000183255,,ENSG00000109099
221,NT5C,PDHA1,RAB3GAP2,,PNPLA7,ENSMUSG00000020736,ENSMUSG00000031299,ENSMUSG00000039318,,ENSMUSG00000036833,ENSG00000125458,ENSG00000131828,ENSG00000118873,,ENSG00000130653
222,NUDC,PFDN5,RAB5C,,PNRC1,ENSMUSG00000028851,ENSMUSG00000001289,ENSMUSG00000019173,,ENSMUSG00000040128,ENSG00000090273,ENSG00000123349,ENSG00000267261,,ENSG00000146278
223,NUDCD2,PGAM1,RAB6A,,LOC107511800,ENSMUSG00000020328,ENSMUSG00000011752,ENSMUSG00000030704,,ENSMUSG00000005514,ENSG00000170584,ENSG00000171314,ENSG00000175582,,ENSG00000127948
224,NUDT19,PGD,RBP2,,PPM1J,ENSMUSG00000034875,ENSMUSG00000028961,ENSMUSG00000032454,,ENSMUSG00000002228,ENSG00000213965,ENSG00000142657,ENSG00000114113,,ENSG00000271810
225,NUDT21,LOC107506048,REEP6,,PPP1R12A,ENSMUSG00000031754,ENSMUSG00000043445,ENSMUSG00000035504,,ENSMUSG00000019907,ENSG00000167005,ENSG00000184207,ENSG00000115255,,ENSG00000058272
226,OAT,PLAC8,RETSAT,,PPP1R15B,ENSMUSG00000030934,ENSMUSG00000029322,ENSMUSG00000056666,,ENSMUSG00000046062,ENSG00000065154,ENSG00000145287,ENSG00000042445,,ENSG00000158615
227,OLA1,PLPP2,RMDN3,,PPP1R2,ENSMUSG00000027108,ENSMUSG00000052151,ENSMUSG00000070730,,ENSMUSG00000047714,ENSG00000138430,ENSG00000141934,ENSG00000137824,,ENSG00000184203
228,ONECUT2,PNKD,RNPEPL1,,PRKCD,ENSMUSG00000045991,ENSMUSG00000026179,ENSMUSG00000026269,,ENSMUSG00000021948,ENSG00000119547,ENSG00000127838,ENSG00000142327,,ENSG00000163932
229,OSTC,PPDPF,S100G,,PRR15L,ENSMUSG00000041084,ENSMUSG00000016344,ENSMUSG00000040808,,ENSMUSG00000047040,ENSG00000198856,ENSG00000125534,ENSG00000169906,,ENSG00000167183
230,PA2G4,PPIB,SAMHD1,,PTBP3,ENSMUSG00000025364,ENSMUSG00000032383,ENSMUSG00000027639,,ENSMUSG00000028382,ENSG00000257411,ENSG00000166794,ENSG00000101347,,ENSG00000119314
231,PABPC1,PRELID1,SAR1B,,PTGER4,ENSMUSG00000022283,ENSMUSG00000021486,ENSMUSG00000020386,,ENSMUSG00000039942,ENSG00000070756,ENSG00000169230,ENSG00000152700,,ENSG00000171522
232,PAPOLA,PRKAR2A,SCAMP5,,PTP4A1,ENSMUSG00000021111,ENSMUSG00000032601,ENSMUSG00000040722,,ENSMUSG00000026064,ENSG00000090060,ENSG00000114302,ENSG00000198794,,ENSG00000112245
233,PARK7,PRPSAP1,SCP2,,PTPRR,ENSMUSG00000028964,ENSMUSG00000015869,ENSMUSG00000028603,,ENSMUSG00000020151,ENSG00000116288,ENSG00000161542,ENSG00000116171,,ENSG00000153233
234,PBRM1,PSENEN,SDF4,,PTRH1,ENSMUSG00000042323,ENSMUSG00000036835,ENSMUSG00000029076,,ENSMUSG00000053746,ENSG00000163939,ENSG00000188223,ENSG00000078808,,ENSG00000187024
235,PCBD1,PSMA4,SEC13,,PXDC1,ENSMUSG00000020098,ENSMUSG00000032301,ENSMUSG00000030298,,ENSMUSG00000021411,ENSG00000166228,ENSG00000041357,ENSG00000157020,,ENSG00000168994
236,LOC107510811,PSMD8,SEC23A,,RAB11FIP1,ENSMUSG00000071533,ENSMUSG00000030591,ENSMUSG00000020986,,ENSMUSG00000031488,ENSG00000081154,ENSG00000099341,ENSG00000100934,,ENSG00000156675
237,PDAP1,RAB10,SEC24C,,RAB24,ENSMUSG00000029623,ENSMUSG00000020671,ENSMUSG00000039367,,ENSMUSG00000034789,ENSG00000106244,ENSG00000084733,ENSG00000176986,,ENSG00000169228
238,PDCD4,RAB14,SEC31A,,RAB30,ENSMUSG00000024975,ENSMUSG00000026878,ENSMUSG00000035325,,ENSMUSG00000030643,ENSG00000150593,ENSG00000119396,ENSG00000138674,,ENSG00000137502
239,PDCD5,RAB18,SERF2,,RAC1,ENSMUSG00000030417,ENSMUSG00000073639,ENSMUSG00000074884,,ENSMUSG00000001847,ENSG00000105185,ENSG00000099246,ENSG00000140264,,ENSG00000136238
240,PDIA3,RALA,SGPL1,,RASGEF1B,ENSMUSG00000027248,ENSMUSG00000008859,ENSMUSG00000020097,,ENSMUSG00000089809,ENSG00000167004,ENSG00000006451,ENSG00000166224,,ENSG00000138670
241,PDIA6,RAP1A,SH3BGRL,,RASSF1,ENSMUSG00000020571,ENSMUSG00000068798,ENSMUSG00000031246,,ENSMUSG00000010067,ENSG00000143870,ENSG00000116473,ENSG00000131171,,ENSG00000068028
242,PFDN1,RER1,SLC16A10,,RC3H1,ENSMUSG00000024346,ENSMUSG00000029048,ENSMUSG00000019838,,ENSMUSG00000040423,ENSG00000113068,ENSG00000157916,ENSG00000112394,,ENSG00000135870
243,PGLS,ROMO1,SLC25A10,,RHOB,ENSMUSG00000031807,ENSMUSG00000067847,ENSMUSG00000025792,,ENSMUSG00000054364,ENSG00000130313,ENSG00000125995,ENSG00000262660,,ENSG00000143878
244,PHB,RRBP1,SLC25A11,,RHOD,ENSMUSG00000038845,ENSMUSG00000027422,ENSMUSG00000014606,,ENSMUSG00000041845,ENSG00000167085,ENSG00000125844,ENSG00000108528,,ENSG00000173156
245,PHB2,RTN3,SLC25A15,,RHOF,ENSMUSG00000004264,ENSMUSG00000024758,ENSMUSG00000031482,,ENSMUSG00000029449,ENSG00000215021,ENSG00000133318,ENSG00000102743,,ENSG00000139725
246,PHF5A,SAMM50,SLC25A36,,RHPN2,ENSMUSG00000061360,ENSMUSG00000022437,ENSMUSG00000032449,,ENSMUSG00000030494,ENSG00000100410,ENSG00000100347,ENSG00000114120,,ENSG00000131941
247,PKIG,SAT1,SLC25A45,,RIOK3,ENSMUSG00000035268,ENSMUSG00000025283,ENSMUSG00000024818,,ENSMUSG00000024404,ENSG00000168734,ENSG00000130066,ENSG00000162241,,ENSG00000101782
248,PKN2,SCAND1,SLC25A5,,RNASEL,ENSMUSG00000004591,ENSMUSG00000046229,ENSMUSG00000016319,,ENSMUSG00000066800,ENSG00000065243,ENSG00000171222,ENSG00000005022,,ENSG00000135828
249,PLCB3,SDHA,SLC25A51,,RNF186,ENSMUSG00000024960,ENSMUSG00000021577,ENSMUSG00000045973,,ENSMUSG00000070661,ENSG00000149782,ENSG00000073578,ENSG00000122696,,ENSG00000178828
250,POLR2E,SDHB,SLC26A2,,S100A11,ENSMUSG00000004667,ENSMUSG00000009863,ENSMUSG00000034320,,ENSMUSG00000027907,ENSG00000099817,ENSG00000117118,ENSG00000155850,,ENSG00000163191
251,POLR2F,SDHC,SLC2A2,,SAMD8,ENSMUSG00000033020,ENSMUSG00000058076,ENSMUSG00000027690,,ENSMUSG00000021770,ENSG00000100142,ENSG00000143252,ENSG00000163581,,ENSG00000156671
252,POLR2J,SDHD,SLC31A1,,SBDS,ENSMUSG00000039771,ENSMUSG00000000171,ENSMUSG00000066150,,ENSMUSG00000025337,ENSG00000267645,ENSG00000255292,ENSG00000136868,,ENSG00000126524
253,POLR2L,SEMA4G,SLC35A3,,SCAMP2,ENSMUSG00000038489,ENSMUSG00000025207,ENSMUSG00000027957,,ENSMUSG00000040188,ENSG00000177700,ENSG00000095539,ENSG00000117620,,ENSG00000140497
254,POP5,SEPHS2,SLC35C2,,SDCBP2,ENSMUSG00000060152,ENSMUSG00000049091,ENSMUSG00000017664,,ENSMUSG00000027456,ENSG00000167272,ENSG00000179918,ENSG00000080189,,ENSG00000125775
255,PPIG,SERINC3,SLC35F5,,SERTAD1,ENSMUSG00000042133,ENSMUSG00000017707,ENSMUSG00000026342,,ENSMUSG00000008384,ENSG00000138398,ENSG00000132824,ENSG00000115084,,ENSG00000197019
256,PPP1R1B,SERP1,SLC3A2,,SFN,ENSMUSG00000061718,ENSMUSG00000027808,ENSMUSG00000010095,,ENSMUSG00000047281,ENSG00000131771,ENSG00000120742,ENSG00000168003,,ENSG00000175793
257,PRDX3,SFXN1,SLC4A4,,SH3GLB1,ENSMUSG00000024997,ENSMUSG00000021474,ENSMUSG00000060961,,ENSMUSG00000037062,ENSG00000165672,ENSG00000164466,ENSG00000080493,,ENSG00000097033
258,PRKCA,SI,SLC4A7,,SIDT2,ENSMUSG00000050965,ENSMUSG00000027790,ENSMUSG00000021733,,ENSMUSG00000034908,ENSG00000154229,ENSG00000090402,ENSG00000033867,,ENSG00000149577
259,PRRC2C,SKP1,SLC51A,,SKIL,ENSMUSG00000040225,ENSMUSG00000036309,ENSMUSG00000035699,,ENSMUSG00000027660,ENSG00000117523,ENSG00000113558,ENSG00000163959,,ENSG00000136603
260,LOC107519509,SLC25A3,SLC51B,,SLC16A3,ENSMUSG00000004207,ENSMUSG00000061904,ENSMUSG00000053862,,ENSMUSG00000025161,ENSG00000197746,ENSG00000075415,ENSG00000186198,,ENSG00000141526
261,PSMA1,SLC25A39,SLC5A1,,SLC25A22,ENSMUSG00000030751,ENSMUSG00000018677,ENSMUSG00000011034,,ENSMUSG00000019082,ENSG00000256206,ENSG00000013306,ENSG00000100170,,ENSG00000177542
262,PSMA2,SLC26A3,SLC5A12,,SLC34A2,ENSMUSG00000015671,ENSMUSG00000001225,ENSMUSG00000041644,,ENSMUSG00000029188,ENSG00000256646,ENSG00000091138,ENSG00000148942,,ENSG00000157765
263,PSMA3,SLC35B1,SLC6A20,,SLC9A2,ENSMUSG00000060073,ENSMUSG00000020873,ENSMUSG00000036814,,ENSMUSG00000026062,ENSG00000100567,ENSG00000121073,ENSG00000163817,,ENSG00000115616
264,PSMA6,SLC35G1,SLC7A7,,SMAD7,ENSMUSG00000021024,ENSMUSG00000044026,ENSMUSG00000000958,,ENSMUSG00000025880,ENSG00000100902,ENSG00000176273,ENSG00000155465,,ENSG00000101665
265,PSMA7,SLC39A5,SLC7A9,,SNX7,ENSMUSG00000027566,ENSMUSG00000039878,ENSMUSG00000030492,,ENSMUSG00000028007,ENSG00000101182,ENSG00000139540,ENSG00000021488,,ENSG00000162627
266,PSMB1,SLC6A6,SMAD4,,SOCS4,ENSMUSG00000014769,ENSMUSG00000030096,ENSMUSG00000024515,,ENSMUSG00000048379,ENSG00000008018,ENSG00000131389,ENSG00000141646,,ENSG00000180008
267,PSMB2,SLC7A8,SMIM22,,SPAG9,ENSMUSG00000028837,ENSMUSG00000022180,ENSMUSG00000096215,,ENSMUSG00000020859,ENSG00000126067,ENSG00000092068,ENSG00000267795,,ENSG00000008294
268,PSMB4,LOC107509811,SMIM24,,SPECC1L,ENSMUSG00000005779,ENSMUSG00000053559,ENSMUSG00000078439,,ENSMUSG00000033444,ENSG00000159377,ENSG00000170545,ENSG00000095932,,ENSG00000100014
269,PSMB5,SMIM20,SMLR1,,SPINT1,ENSMUSG00000022193,ENSMUSG00000061461,ENSMUSG00000096546,,ENSMUSG00000027315,ENSG00000100804,ENSG00000250317,ENSG00000256162,,ENSG00000166145
270,PSMB6,SMIM7,SOD1,,SQSTM1,ENSMUSG00000018286,ENSMUSG00000044600,ENSMUSG00000022982,,ENSMUSG00000015837,ENSG00000142507,ENSG00000268790,ENSG00000142168,,ENSG00000284099
271,PSMB7,SNF8,SORD,,SRC,ENSMUSG00000026750,ENSMUSG00000006058,ENSMUSG00000027227,,ENSMUSG00000027646,ENSG00000136930,ENSG00000159210,ENSG00000140263,,ENSG00000197122
272,PSMC3,SNX3,SPINK1,,SRSF5,ENSMUSG00000002102,ENSMUSG00000019804,ENSMUSG00000024503,,ENSMUSG00000021134,ENSG00000165916,ENSG00000112335,ENSG00000164266,,ENSG00000100650
273,PTBP1,SPCS1,SPINK4,,SRXN1,ENSMUSG00000006498,ENSMUSG00000021917,ENSMUSG00000028415,,ENSMUSG00000032802,ENSG00000011304,ENSG00000114902,ENSG00000122711,,ENSG00000271303
274,PTGES3,SPCS2,SPTBN1,,ITPRID2,ENSMUSG00000071072,ENSMUSG00000035227,ENSMUSG00000020315,,ENSMUSG00000027007,ENSG00000110958,ENSG00000118363,ENSG00000115306,,ENSG00000138434
275,PTMA,SPR,STX12,,ST14,ENSMUSG00000026238,ENSMUSG00000033735,ENSMUSG00000028879,,ENSMUSG00000031995,ENSG00000187514,ENSG00000116096,ENSG00000117758,,ENSG00000149418
276,PTP4A2,SSR3,STX7,,ST3GAL1,ENSMUSG00000028788,ENSMUSG00000027828,ENSMUSG00000019998,,ENSMUSG00000013846,ENSG00000184007,ENSG00000114850,ENSG00000079950,,ENSG00000008513
277,PURB,STARD4,SUCLA2,,STK17B,ENSMUSG00000094483,ENSMUSG00000024378,ENSMUSG00000022110,,ENSMUSG00000026094,ENSG00000146676,ENSG00000164211,ENSG00000136143,,ENSG00000081320
278,PYCARD,STK16,TCN2,,STK25,ENSMUSG00000030793,ENSMUSG00000026201,ENSMUSG00000020432,,ENSMUSG00000026277,ENSG00000103490,ENSG00000115661,ENSG00000185339,,ENSG00000115694
279,QDPR,STT3A,TFG,,SUCO,ENSMUSG00000015806,ENSMUSG00000032116,ENSMUSG00000022757,,ENSMUSG00000040297,ENSG00000151552,ENSG00000134910,ENSG00000114354,,ENSG00000094975
280,RAB25,SUCLG1,TGFBI,,SUSD2,ENSMUSG00000008601,ENSMUSG00000052738,ENSMUSG00000035493,,ENSMUSG00000006342,ENSG00000132698,ENSG00000163541,ENSG00000120708,,ENSG00000099994
281,RAD21,LOC107507400,TKFC,,TALDO1,ENSMUSG00000022314,ENSMUSG00000074093,ENSMUSG00000034371,,ENSMUSG00000025503,ENSG00000164754,ENSG00000198168,ENSG00000149476,,ENSG00000177156
282,RAD23B,TBCA,TM4SF20,,TAX1BP1,ENSMUSG00000028426,ENSMUSG00000042043,ENSMUSG00000026149,,ENSMUSG00000004535,ENSG00000119318,ENSG00000171530,ENSG00000168955,,ENSG00000106052
283,RALBP1,TIMM8B,TM4SF5,,TAX1BP3,ENSMUSG00000024096,ENSMUSG00000039016,ENSMUSG00000018919,,ENSMUSG00000040158,ENSG00000017797,ENSG00000150779,ENSG00000142484,,ENSG00000213977
284,RALY,TJP3,TM6SF2,,TBRG1,ENSMUSG00000027593,ENSMUSG00000034917,ENSMUSG00000036151,,ENSMUSG00000011114,ENSG00000125970,ENSG00000105289,ENSG00000213996,,ENSG00000154144
285,RANGRF,TMCO1,TM9SF2,,LOC107510178,ENSMUSG00000032892,ENSMUSG00000052428,ENSMUSG00000025544,,ENSMUSG00000024029,ENSG00000108961,ENSG00000143183,ENSG00000125304,,ENSG00000160180
286,RBM25,TMED10,TMBIM4,,TGOLN2,ENSMUSG00000010608,ENSMUSG00000021248,ENSMUSG00000020225,,ENSMUSG00000056429,ENSG00000119707,ENSG00000170348,ENSG00000228144,,ENSG00000152291
287,RBM3,TMED7,TMBIM6,,TKT,ENSMUSG00000031167,ENSMUSG00000033184,ENSMUSG00000023010,,ENSMUSG00000021957,ENSG00000102317,ENSG00000134970,ENSG00000139644,,ENSG00000163931
288,RBX1,TMEM183A,TMED4,,TLE3,ENSMUSG00000022400,ENSMUSG00000042305,ENSMUSG00000004394,,ENSMUSG00000032280,ENSG00000100387,ENSG00000163444,ENSG00000158604,,ENSG00000140332
289,RNASEH2C,TMEM205,TMEM135,,TM4SF4,ENSMUSG00000024925,ENSMUSG00000040883,ENSMUSG00000039428,,ENSMUSG00000027801,ENSG00000172922,ENSG00000105518,ENSG00000166575,,ENSG00000169903
290,RNF10,TOMM70,TMEM160,,TMBIM1,ENSMUSG00000041740,ENSMUSG00000022752,ENSMUSG00000019158,,ENSMUSG00000006301,ENSG00000022840,ENSG00000154174,ENSG00000130748,,ENSG00000135926
291,RPL13,TRIM2,TMEM167A,,TMCC3,ENSMUSG00000000740,ENSMUSG00000027993,ENSMUSG00000012422,,ENSMUSG00000020023,ENSG00000167526,ENSG00000109654,ENSG00000174695,,ENSG00000057704
292,RPL15,TSPAN15,TMEM236,,TMEM140,ENSMUSG00000012405,ENSMUSG00000037031,ENSMUSG00000061531,,ENSMUSG00000057137,ENSG00000174748,ENSG00000099282,ENSG00000148483,,ENSG00000146859
293,RPL18,TSTD1,TMEM243,,TMEM43,ENSMUSG00000059070,ENSMUSG00000103711,ENSMUSG00000079659,,ENSMUSG00000030095,ENSG00000063177,ENSG00000215845,ENSG00000135185,,ENSG00000268279
294,RPL18A,TWF1,TMEM30B,,TMPRSS4,ENSMUSG00000045128,ENSMUSG00000022451,ENSMUSG00000034435,,ENSMUSG00000032091,ENSG00000105640,ENSG00000151239,ENSG00000182107,,ENSG00000137648
295,RPL19,UBE2J2,TMEM33,,TNFRSF1A,ENSMUSG00000017404,ENSMUSG00000023286,ENSMUSG00000037720,,ENSMUSG00000030341,ENSG00000108298,ENSG00000160087,ENSG00000109133,,ENSG00000067182
296,RPL22L1,UBE2L3,TMEM41A,,TNIP1,ENSMUSG00000039221,ENSMUSG00000038965,ENSMUSG00000022856,,ENSMUSG00000020400,ENSG00000163584,ENSG00000185651,ENSG00000163900,,ENSG00000145901
297,RPL23,UBE2M,TMEM45B,,LOC107511658,ENSMUSG00000071415,ENSMUSG00000005575,ENSMUSG00000041737,,ENSMUSG00000025139,ENSG00000125691,ENSG00000130725,ENSG00000151715,,ENSG00000078902
298,RPL26,UBE4B,TMEM54,,TPPP3,ENSMUSG00000060938,ENSMUSG00000028960,ENSMUSG00000028786,,ENSMUSG00000014846,ENSG00000263809,ENSG00000130939,ENSG00000121900,,ENSG00000159713
299,RPL28,UBXN1,TMEM59,,TRIB1,ENSMUSG00000030432,ENSMUSG00000071655,ENSMUSG00000028618,,ENSMUSG00000032501,ENSG00000108107,ENSG00000162191,ENSG00000116209,,ENSG00000173334
300,RPL3,UCP2,TMEM86B,,TRIM25,ENSMUSG00000060036,ENSMUSG00000033685,ENSMUSG00000045282,,ENSMUSG00000000275,ENSG00000100316,ENSG00000175567,ENSG00000180089,,ENSG00000121060
301,RPL34,UFM1,TMEM98,,TUBB2A,ENSMUSG00000062006,ENSMUSG00000027746,ENSMUSG00000035413,,ENSMUSG00000058672,ENSG00000109475,ENSG00000120686,ENSG00000006042,,ENSG00000137267
302,RPL37,LOC107520492,TMEM9B,,TUBB4B,ENSMUSG00000041841,ENSMUSG00000059534,ENSMUSG00000031021,,ENSMUSG00000036752,ENSG00000145592,ENSG00000184076,ENSG00000175348,,ENSG00000188229
303,RPL39,LOC107500917,TPI1,,TUFT1,ENSMUSG00000079641,ENSMUSG00000020163,ENSMUSG00000023456,,ENSMUSG00000005968,ENSG00000198918,ENSG00000267059,ENSG00000111669,,ENSG00000143367
304,RPL5,LOC107500346,TRAPPC2L,,UGCG,ENSMUSG00000058558,ENSMUSG00000021520,ENSMUSG00000015013,,ENSMUSG00000028381,ENSG00000122406,ENSG00000156467,ENSG00000167515,,ENSG00000148154
305,RPL6,LOC107515880,TSC22D1,,VPS37B,ENSMUSG00000029614,ENSMUSG00000038462,ENSMUSG00000022010,,ENSMUSG00000066278,ENSG00000089009,ENSG00000169021,ENSG00000102804,,ENSG00000139722
306,RPL7,LOC107517907,TSC22D3,,VPS4B,ENSMUSG00000043716,ENSMUSG00000063882,ENSMUSG00000031431,,ENSMUSG00000009907,ENSG00000147604,ENSG00000173660,ENSG00000157514,,ENSG00000119541
307,RPL8,LOC107497034,TSPAN3,,WASL,ENSMUSG00000003970,ENSMUSG00000044894,ENSMUSG00000032324,,ENSMUSG00000029684,ENSG00000161016,ENSG00000164405,ENSG00000140391,,ENSG00000106299
308,RPLP0,ATP5MD,TTYH2,,WSB2,ENSMUSG00000067274,ENSMUSG00000071528,ENSMUSG00000034714,,ENSMUSG00000029364,ENSG00000089157,ENSG00000173915,ENSG00000141540,,ENSG00000176871
309,RPLP2,LOC107502827,TXNDC17,,YPEL5,ENSMUSG00000025508,ENSMUSG00000028452,ENSMUSG00000020803,,ENSMUSG00000039770,ENSG00000177600,ENSG00000165280,ENSG00000129235,,ENSG00000119801
310,RPN1,VDAC1,UBALD2,,ZC3H13,ENSMUSG00000030062,ENSMUSG00000020402,ENSMUSG00000050628,,ENSMUSG00000022000,ENSG00000163902,ENSG00000213585,ENSG00000185262,,ENSG00000123200
311,RPN2,VDAC3,UBQLN1,,ZFAND2A,ENSMUSG00000027642,ENSMUSG00000008892,ENSMUSG00000005312,,ENSMUSG00000053581,ENSG00000118705,ENSG00000078668,ENSG00000135018,,ENSG00000178381
312,RPS10,XBP1,UGDH,,ZFAND5,ENSMUSG00000052146,ENSMUSG00000020484,ENSMUSG00000029201,,ENSMUSG00000024750,ENSG00000124614,ENSG00000100219,ENSG00000109814,,ENSG00000107372
313,RPS11,YIF1A,VAPA,,ZFP36,ENSMUSG00000003429,ENSMUSG00000024875,ENSMUSG00000024091,,ENSMUSG00000044786,ENSG00000142534,ENSG00000174851,ENSG00000101558,,ENSG00000128016
314,RPS13,YWHAB,VAT1,,ZNF703,ENSMUSG00000090862,ENSMUSG00000018326,ENSMUSG00000034993,,ENSMUSG00000085795,ENSG00000110700,ENSG00000166913,ENSG00000108828,,ENSG00000183779
315,RPS14,YWHAZ,VDR,,ZMIZ1,ENSMUSG00000024608,ENSMUSG00000022285,ENSMUSG00000022479,,ENSMUSG00000007817,ENSG00000164587,ENSG00000164924,ENSG00000111424,,ENSG00000108175
316,RPS15,ZNF706,VMP1,,,ENSMUSG00000063457,ENSMUSG00000062397,ENSMUSG00000018171,,,ENSG00000115268,ENSG00000120963,ENSG00000062716,,
317,RPS16,ZNHIT1,VNN1,,,ENSMUSG00000037563,ENSMUSG00000059518,ENSMUSG00000037440,,,ENSG00000105193,ENSG00000106400,ENSG00000112299,,
318,RPS19,,WBP2,,,ENSMUSG00000040952,,ENSMUSG00000034341,,,ENSG00000105372,,ENSG00000132471,,
319,RPS20,,WDR1,,,ENSMUSG00000028234,,ENSMUSG00000005103,,,ENSG00000008988,,ENSG00000071127,,
320,RPS21,,XPNPEP1,,,ENSMUSG00000039001,,ENSMUSG00000025027,,,ENSG00000171858,,ENSG00000108039,,
321,RPS27L,,XPNPEP2,,,ENSMUSG00000036781,,ENSMUSG00000037005,,,ENSG00000185088,,ENSG00000122121,,
322,RPS28,,YKT6,,,ENSMUSG00000067288,,ENSMUSG00000002741,,,ENSG00000233927,,ENSG00000106636,,
323,RPS3,,ZDHHC7,,,ENSMUSG00000030744,,ENSMUSG00000031823,,,ENSG00000149273,,ENSG00000153786,,
324,RPS5,,ZFAND6,,,ENSMUSG00000012848,,ENSMUSG00000030629,,,ENSG00000083845,,ENSG00000086666,,
325,RPS6,,ZZEF1,,,ENSMUSG00000028495,,ENSMUSG00000055670,,,ENSG00000137154,,ENSG00000074755,,
326,RPS9,,,,,ENSMUSG00000006333,,,,,ENSG00000277079,,,,
327,RPSA,,,,,ENSMUSG00000032518,,,,,ENSG00000168028,,,,
328,RWDD1,,,,,ENSMUSG00000019782,,,,,ENSG00000111832,,,,
329,SDC4,,,,,ENSMUSG00000017009,,,,,ENSG00000124145,,,,
330,SEC11A,,,,,ENSMUSG00000025724,,,,,ENSG00000140612,,,,
331,SEC61A1,,,,,ENSMUSG00000030082,,,,,ENSG00000058262,,,,
332,SEC61G,,,,,ENSMUSG00000078974,,,,,ENSG00000132432,,,,
333,SERBP1,,,,,ENSMUSG00000036371,,,,,ENSG00000142864,,,,
334,SF3B1,,,,,ENSMUSG00000025982,,,,,ENSG00000115524,,,,
335,SF3B2,,,,,ENSMUSG00000024853,,,,,ENSG00000087365,,,,
336,SF3B5,,,,,ENSMUSG00000078348,,,,,ENSG00000169976,,,,
337,SF3B6,,,,,ENSMUSG00000037361,,,,,ENSG00000115128,,,,
338,SFPQ,,,,,ENSMUSG00000028820,,,,,ENSG00000116560,,,,
339,SH3BGRL3,,,,,ENSMUSG00000028843,,,,,ENSG00000142669,,,,
340,LOC107518023,,,,,ENSMUSG00000004642,,,,,ENSG00000163950,,,,
341,SLC12A2,,,,,ENSMUSG00000024597,,,,,ENSG00000064651,,,,
342,LOC107516676,,,,,ENSMUSG00000021040,,,,,ENSG00000119705,,,,
343,SMARCA5,,,,,ENSMUSG00000031715,,,,,ENSG00000153147,,,,
344,SMIM11A,,,,,ENSMUSG00000051989,,,,,ENSG00000205670,,,,
345,SNRPD1,,,,,ENSMUSG00000002477,,,,,ENSG00000167088,,,,
346,SNRPD2,,,,,ENSMUSG00000040824,,,,,ENSG00000125743,,,,
347,SNRPD3,,,,,ENSMUSG00000020180,,,,,ENSG00000100028,,,,
348,SNRPF,,,,,ENSMUSG00000020018,,,,,ENSG00000139343,,,,
349,SOCS2,,,,,ENSMUSG00000020027,,,,,ENSG00000120833,,,,
350,SON,,,,,ENSMUSG00000022961,,,,,ENSG00000159140,,,,
351,SPINT2,,,,,ENSMUSG00000074227,,,,,ENSG00000267748,,,,
352,SRI,,,,,ENSMUSG00000003161,,,,,ENSG00000075142,,,,
353,SRP14,,,,,ENSMUSG00000009549,,,,,ENSG00000140319,,,,
354,SRP9,,,,,ENSMUSG00000026511,,,,,ENSG00000143742,,,,
355,SRRM1,,,,,ENSMUSG00000028809,,,,,ENSG00000133226,,,,
356,SRRM2,,,,,ENSMUSG00000039218,,,,,ENSG00000167978,,,,
357,SRSF11,,,,,ENSMUSG00000055436,,,,,ENSG00000116754,,,,
358,SRSF6,,,,,ENSMUSG00000016921,,,,,ENSG00000124193,,,,
359,SRSF7,,,,,ENSMUSG00000024097,,,,,ENSG00000115875,,,,
360,SSNA1,,,,,ENSMUSG00000026966,,,,,ENSG00000176101,,,,
361,SSR1,,,,,ENSMUSG00000021427,,,,,ENSG00000124783,,,,
362,SSR2,,,,,ENSMUSG00000041355,,,,,ENSG00000163479,,,,
363,SSR4,,,,,ENSMUSG00000002014,,,,,ENSG00000180879,,,,
364,SSRP1,,,,,ENSMUSG00000027067,,,,,ENSG00000149136,,,,
365,STARD10,,,,,ENSMUSG00000030688,,,,,ENSG00000214530,,,,
366,STARD7,,,,,ENSMUSG00000027367,,,,,ENSG00000084090,,,,
367,STMN1,,,,,ENSMUSG00000028832,,,,,ENSG00000117632,,,,
368,STT3B,,,,,ENSMUSG00000032437,,,,,ENSG00000163527,,,,
369,SUB1,,,,,ENSMUSG00000022205,,,,,ENSG00000113387,,,,
370,SUCLG2,,,,,ENSMUSG00000061838,,,,,ENSG00000172340,,,,
371,SUMO1,,,,,ENSMUSG00000026021,,,,,ENSG00000116030,,,,
372,SUMO2,,,,,ENSMUSG00000020738,,,,,ENSG00000188612,,,,
373,SYPL1,,,,,ENSMUSG00000020570,,,,,ENSG00000008282,,,,
374,TAF10,,,,,ENSMUSG00000043866,,,,,ENSG00000166337,,,,
375,TAGLN2,,,,,ENSMUSG00000026547,,,,,ENSG00000158710,,,,
376,LOC107513107,,,,,ENSMUSG00000041459,,,,,ENSG00000277726,,,,
377,TCP1,,,,,ENSMUSG00000068039,,,,,ENSG00000120438,,,,
378,TECR,,,,,ENSMUSG00000031708,,,,,ENSG00000099797,,,,
379,TFRC,,,,,ENSMUSG00000022797,,,,,ENSG00000072274,,,,
380,THOC7,,,,,ENSMUSG00000053453,,,,,ENSG00000163634,,,,
381,TIMM13,,,,,ENSMUSG00000020219,,,,,ENSG00000099800,,,,
382,TM9SF3,,,,,ENSMUSG00000025016,,,,,ENSG00000077147,,,,
383,TMED2,,,,,ENSMUSG00000029390,,,,,ENSG00000086598,,,,
384,TMEM147,,,,,ENSMUSG00000006315,,,,,ENSG00000105677,,,,
385,TMEM208,,,,,ENSMUSG00000014856,,,,,ENSG00000168701,,,,
386,TMEM234,,,,,ENSMUSG00000028797,,,,,ENSG00000160055,,,,
387,TMPO,,,,,ENSMUSG00000019961,,,,,ENSG00000120802,,,,
388,TOMM20,,,,,ENSMUSG00000093904,,,,,ENSG00000173726,,,,
389,TOMM22,,,,,ENSMUSG00000022427,,,,,ENSG00000100216,,,,
390,TOMM40,,,,,ENSMUSG00000002984,,,,,ENSG00000130204,,,,
391,TOMM7,,,,,ENSMUSG00000028998,,,,,ENSG00000196683,,,,
392,TOP1,,,,,ENSMUSG00000070544,,,,,ENSG00000198900,,,,
393,TOP2A,,,,,ENSMUSG00000020914,,,,,ENSG00000131747,,,,
394,TRA2A,,,,,ENSMUSG00000029817,,,,,ENSG00000164548,,,,
395,TRA2B,,,,,ENSMUSG00000022858,,,,,ENSG00000136527,,,,
396,TSN,,,,,ENSMUSG00000026374,,,,,ENSG00000211460,,,,
397,TSPAN8,,,,,ENSMUSG00000034127,,,,,ENSG00000127324,,,,
398,TSPO,,,,,ENSMUSG00000041736,,,,,ENSG00000100300,,,,
399,TXN2,,,,,ENSMUSG00000005354,,,,,ENSG00000100348,,,,
400,TXNL1,,,,,ENSMUSG00000024583,,,,,ENSG00000091164,,,,
401,U2AF1,,,,,ENSMUSG00000061613,,,,,ENSG00000160201,,,,
402,UBE2C,,,,,ENSMUSG00000001403,,,,,ENSG00000175063,,,,
403,UBE2I,,,,,ENSMUSG00000015120,,,,,ENSG00000103275,,,,
404,UBE2N,,,,,ENSMUSG00000074781,,,,,ENSG00000177889,,,,
405,UBE2S,,,,,ENSMUSG00000060860,,,,,ENSG00000108106,,,,
406,UBE3A,,,,,ENSMUSG00000025326,,,,,ENSG00000114062,,,,
407,LOC107511967,,,,,ENSMUSG00000024208,,,,,ENSG00000137288,,,,
408,USE1,,,,,ENSMUSG00000002395,,,,,ENSG00000053501,,,,
409,LOC107515989,,,,,ENSMUSG00000030403,,,,,ENSG00000125753,,,,
410,WAPL,,,,,ENSMUSG00000041408,,,,,ENSG00000062650,,,,
411,WDR83OS,,,,,ENSMUSG00000059355,,,,,ENSG00000105583,,,,
412,WDR89,,,,,ENSMUSG00000045690,,,,,ENSG00000140006,,,,
413,YBX1,,,,,ENSMUSG00000028639,,,,,ENSG00000065978,,,,
414,YBX3,,,,,ENSMUSG00000030189,,,,,ENSG00000060138,,,,
415,YWHAH,,,,,ENSMUSG00000018965,,,,,ENSG00000128245,,,,
416,YWHAQ,,,,,ENSMUSG00000076432,,,,,ENSG00000134308,,,,
417,ZBTB7A,,,,,ENSMUSG00000035011,,,,,ENSG00000178951,,,,
418,ZNF207,,,,,ENSMUSG00000017421,,,,,ENSG00000010244,,,,
419,ZFP36L2,,,,,ENSMUSG00000045817,,,,,ENSG00000152518,,,,
420,ZFP91,,,,,ENSMUSG00000024695,,,,,ENSG00000186660,,,,
